t,V,graph_type,identical
0.001,4,ER,True
0.001,4,ER,True
0.001,4,ER,True
0.001,4,ER,True
0.001,4,ER,True
0.001,4,ER,True
0.001,4,ER,True
0.001,4,ER,True
0.001,4,ER,True
0.001,4,ER,True
0.001,4,BA,True
0.001,4,BA,True
0.001,4,BA,True
0.001,4,BA,True
0.001,4,BA,True
0.001,4,BA,True
0.001,4,BA,True
0.001,4,BA,True
0.001,4,BA,True
0.001,4,BA,True
0.001,4,REG,True
0.001,10,ER,True
0.001,10,ER,True
0.001,10,ER,True
0.001,10,ER,True
0.001,10,ER,True
0.001,10,ER,True
0.001,10,ER,True
0.001,10,ER,True
0.001,10,ER,True
0.001,10,ER,True
0.001,10,BA,True
0.001,10,BA,True
0.001,10,BA,True
0.001,10,BA,True
0.001,10,BA,True
0.001,10,BA,True
0.001,10,BA,True
0.001,10,BA,True
0.001,10,BA,True
0.001,10,BA,True
0.001,10,REG,True
0.001,10,REG,True
0.001,20,ER,True
0.001,20,ER,False
0.001,20,ER,True
0.001,20,ER,True
0.001,20,ER,True
0.001,20,ER,True
0.001,20,ER,True
0.001,20,ER,True
0.001,20,ER,True
0.001,20,ER,True
0.001,20,BA,True
0.001,20,BA,True
0.001,20,BA,True
0.001,20,BA,True
0.001,20,BA,True
0.001,20,BA,True
0.001,20,BA,True
0.001,20,BA,True
0.001,20,BA,True
0.001,20,BA,True
0.001,20,REG,True
0.001,20,REG,True
0.001,20,REG,False
0.001,30,ER,True
0.001,30,ER,True
0.001,30,ER,True
0.001,30,ER,True
0.001,30,ER,True
0.001,30,ER,True
0.001,30,ER,True
0.001,30,ER,True
0.001,30,ER,True
0.001,30,ER,True
0.001,30,BA,True
0.001,30,BA,True
0.001,30,BA,True
0.001,30,BA,True
0.001,30,BA,True
0.001,30,BA,True
0.001,30,BA,True
0.001,30,BA,True
0.001,30,BA,True
0.001,30,BA,True
0.001,30,REG,True
0.001,30,REG,True
0.001,30,REG,False
0.001,40,ER,True
0.001,40,ER,True
0.001,40,ER,True
0.001,40,ER,True
0.001,40,ER,True
0.001,40,ER,True
0.001,40,ER,True
0.001,40,ER,True
0.001,40,ER,True
0.001,40,ER,True
0.001,40,BA,True
0.001,40,BA,True
0.001,40,BA,True
0.001,40,BA,True
0.001,40,BA,True
0.001,40,BA,True
0.001,40,BA,True
0.001,40,BA,True
0.001,40,BA,True
0.001,40,BA,True
0.001,40,REG,True
0.001,40,REG,False
0.001,40,REG,False
0.001,50,ER,True
0.001,50,ER,True
0.001,50,ER,True
0.001,50,ER,True
0.001,50,ER,True
0.001,50,ER,True
0.001,50,ER,True
0.001,50,ER,True
0.001,50,ER,True
0.001,50,ER,True
0.001,50,BA,True
0.001,50,BA,True
0.001,50,BA,True
0.001,50,BA,True
0.001,50,BA,True
0.001,50,BA,True
0.001,50,BA,True
0.001,50,BA,True
0.001,50,BA,True
0.001,50,BA,True
0.001,50,REG,True
0.001,50,REG,True
0.001,50,REG,False
0.0014677992676220691,4,ER,True
0.0014677992676220691,4,ER,True
0.0014677992676220691,4,ER,True
0.0014677992676220691,4,ER,True
0.0014677992676220691,4,ER,True
0.0014677992676220691,4,ER,True
0.0014677992676220691,4,ER,True
0.0014677992676220691,4,ER,True
0.0014677992676220691,4,ER,True
0.0014677992676220691,4,ER,True
0.0014677992676220691,4,BA,True
0.0014677992676220691,4,BA,True
0.0014677992676220691,4,BA,True
0.0014677992676220691,4,BA,True
0.0014677992676220691,4,BA,True
0.0014677992676220691,4,BA,True
0.0014677992676220691,4,BA,True
0.0014677992676220691,4,BA,True
0.0014677992676220691,4,BA,True
0.0014677992676220691,4,BA,True
0.0014677992676220691,4,REG,True
0.0014677992676220691,10,ER,True
0.0014677992676220691,10,ER,True
0.0014677992676220691,10,ER,True
0.0014677992676220691,10,ER,True
0.0014677992676220691,10,ER,True
0.0014677992676220691,10,ER,True
0.0014677992676220691,10,ER,True
0.0014677992676220691,10,ER,True
0.0014677992676220691,10,ER,True
0.0014677992676220691,10,ER,True
0.0014677992676220691,10,BA,True
0.0014677992676220691,10,BA,True
0.0014677992676220691,10,BA,True
0.0014677992676220691,10,BA,True
0.0014677992676220691,10,BA,True
0.0014677992676220691,10,BA,True
0.0014677992676220691,10,BA,True
0.0014677992676220691,10,BA,True
0.0014677992676220691,10,BA,True
0.0014677992676220691,10,BA,True
0.0014677992676220691,10,REG,True
0.0014677992676220691,10,REG,True
0.0014677992676220691,20,ER,True
0.0014677992676220691,20,ER,True
0.0014677992676220691,20,ER,True
0.0014677992676220691,20,ER,True
0.0014677992676220691,20,ER,True
0.0014677992676220691,20,ER,True
0.0014677992676220691,20,ER,True
0.0014677992676220691,20,ER,True
0.0014677992676220691,20,ER,True
0.0014677992676220691,20,ER,True
0.0014677992676220691,20,BA,True
0.0014677992676220691,20,BA,True
0.0014677992676220691,20,BA,True
0.0014677992676220691,20,BA,True
0.0014677992676220691,20,BA,True
0.0014677992676220691,20,BA,True
0.0014677992676220691,20,BA,True
0.0014677992676220691,20,BA,True
0.0014677992676220691,20,BA,True
0.0014677992676220691,20,BA,True
0.0014677992676220691,20,REG,True
0.0014677992676220691,20,REG,True
0.0014677992676220691,20,REG,False
0.0014677992676220691,30,ER,True
0.0014677992676220691,30,ER,True
0.0014677992676220691,30,ER,True
0.0014677992676220691,30,ER,True
0.0014677992676220691,30,ER,True
0.0014677992676220691,30,ER,True
0.0014677992676220691,30,ER,True
0.0014677992676220691,30,ER,True
0.0014677992676220691,30,ER,True
0.0014677992676220691,30,ER,True
0.0014677992676220691,30,BA,True
0.0014677992676220691,30,BA,True
0.0014677992676220691,30,BA,True
0.0014677992676220691,30,BA,True
0.0014677992676220691,30,BA,True
0.0014677992676220691,30,BA,True
0.0014677992676220691,30,BA,True
0.0014677992676220691,30,BA,True
0.0014677992676220691,30,BA,True
0.0014677992676220691,30,BA,True
0.0014677992676220691,30,REG,True
0.0014677992676220691,30,REG,False
0.0014677992676220691,30,REG,False
0.0014677992676220691,40,ER,True
0.0014677992676220691,40,ER,True
0.0014677992676220691,40,ER,True
0.0014677992676220691,40,ER,True
0.0014677992676220691,40,ER,True
0.0014677992676220691,40,ER,True
0.0014677992676220691,40,ER,True
0.0014677992676220691,40,ER,True
0.0014677992676220691,40,ER,True
0.0014677992676220691,40,ER,True
0.0014677992676220691,40,BA,True
0.0014677992676220691,40,BA,True
0.0014677992676220691,40,BA,True
0.0014677992676220691,40,BA,True
0.0014677992676220691,40,BA,True
0.0014677992676220691,40,BA,True
0.0014677992676220691,40,BA,True
0.0014677992676220691,40,BA,True
0.0014677992676220691,40,BA,True
0.0014677992676220691,40,BA,True
0.0014677992676220691,40,REG,True
0.0014677992676220691,40,REG,True
0.0014677992676220691,40,REG,True
0.0014677992676220691,50,ER,True
0.0014677992676220691,50,ER,True
0.0014677992676220691,50,ER,True
0.0014677992676220691,50,ER,True
0.0014677992676220691,50,ER,True
0.0014677992676220691,50,ER,True
0.0014677992676220691,50,ER,True
0.0014677992676220691,50,ER,True
0.0014677992676220691,50,ER,True
0.0014677992676220691,50,ER,True
0.0014677992676220691,50,BA,True
0.0014677992676220691,50,BA,True
0.0014677992676220691,50,BA,True
0.0014677992676220691,50,BA,True
0.0014677992676220691,50,BA,True
0.0014677992676220691,50,BA,True
0.0014677992676220691,50,BA,True
0.0014677992676220691,50,BA,True
0.0014677992676220691,50,BA,True
0.0014677992676220691,50,BA,True
0.0014677992676220691,50,REG,True
0.0014677992676220691,50,REG,True
0.0014677992676220691,50,REG,False
0.0021544346900318843,4,ER,True
0.0021544346900318843,4,ER,True
0.0021544346900318843,4,ER,True
0.0021544346900318843,4,ER,True
0.0021544346900318843,4,ER,True
0.0021544346900318843,4,ER,True
0.0021544346900318843,4,ER,True
0.0021544346900318843,4,ER,True
0.0021544346900318843,4,ER,True
0.0021544346900318843,4,ER,True
0.0021544346900318843,4,BA,True
0.0021544346900318843,4,BA,True
0.0021544346900318843,4,BA,True
0.0021544346900318843,4,BA,True
0.0021544346900318843,4,BA,True
0.0021544346900318843,4,BA,True
0.0021544346900318843,4,BA,True
0.0021544346900318843,4,BA,True
0.0021544346900318843,4,BA,True
0.0021544346900318843,4,BA,True
0.0021544346900318843,4,REG,True
0.0021544346900318843,10,ER,True
0.0021544346900318843,10,ER,True
0.0021544346900318843,10,ER,True
0.0021544346900318843,10,ER,True
0.0021544346900318843,10,ER,True
0.0021544346900318843,10,ER,True
0.0021544346900318843,10,ER,True
0.0021544346900318843,10,ER,True
0.0021544346900318843,10,ER,True
0.0021544346900318843,10,ER,True
0.0021544346900318843,10,BA,True
0.0021544346900318843,10,BA,True
0.0021544346900318843,10,BA,True
0.0021544346900318843,10,BA,True
0.0021544346900318843,10,BA,True
0.0021544346900318843,10,BA,True
0.0021544346900318843,10,BA,True
0.0021544346900318843,10,BA,True
0.0021544346900318843,10,BA,True
0.0021544346900318843,10,BA,True
0.0021544346900318843,10,REG,True
0.0021544346900318843,10,REG,True
0.0021544346900318843,20,ER,True
0.0021544346900318843,20,ER,True
0.0021544346900318843,20,ER,True
0.0021544346900318843,20,ER,True
0.0021544346900318843,20,ER,True
0.0021544346900318843,20,ER,True
0.0021544346900318843,20,ER,True
0.0021544346900318843,20,ER,True
0.0021544346900318843,20,ER,True
0.0021544346900318843,20,ER,True
0.0021544346900318843,20,BA,True
0.0021544346900318843,20,BA,True
0.0021544346900318843,20,BA,True
0.0021544346900318843,20,BA,True
0.0021544346900318843,20,BA,True
0.0021544346900318843,20,BA,True
0.0021544346900318843,20,BA,True
0.0021544346900318843,20,BA,True
0.0021544346900318843,20,BA,True
0.0021544346900318843,20,BA,True
0.0021544346900318843,20,REG,True
0.0021544346900318843,20,REG,True
0.0021544346900318843,20,REG,True
0.0021544346900318843,30,ER,True
0.0021544346900318843,30,ER,True
0.0021544346900318843,30,ER,True
0.0021544346900318843,30,ER,True
0.0021544346900318843,30,ER,True
0.0021544346900318843,30,ER,True
0.0021544346900318843,30,ER,True
0.0021544346900318843,30,ER,True
0.0021544346900318843,30,ER,True
0.0021544346900318843,30,ER,True
0.0021544346900318843,30,BA,True
0.0021544346900318843,30,BA,True
0.0021544346900318843,30,BA,True
0.0021544346900318843,30,BA,True
0.0021544346900318843,30,BA,True
0.0021544346900318843,30,BA,True
0.0021544346900318843,30,BA,True
0.0021544346900318843,30,BA,True
0.0021544346900318843,30,BA,True
0.0021544346900318843,30,BA,True
0.0021544346900318843,30,REG,True
0.0021544346900318843,30,REG,False
0.0021544346900318843,30,REG,True
0.0021544346900318843,40,ER,True
0.0021544346900318843,40,ER,True
0.0021544346900318843,40,ER,True
0.0021544346900318843,40,ER,True
0.0021544346900318843,40,ER,True
0.0021544346900318843,40,ER,True
0.0021544346900318843,40,ER,True
0.0021544346900318843,40,ER,True
0.0021544346900318843,40,ER,True
0.0021544346900318843,40,ER,True
0.0021544346900318843,40,BA,True
0.0021544346900318843,40,BA,True
0.0021544346900318843,40,BA,True
0.0021544346900318843,40,BA,True
0.0021544346900318843,40,BA,True
0.0021544346900318843,40,BA,True
0.0021544346900318843,40,BA,True
0.0021544346900318843,40,BA,True
0.0021544346900318843,40,BA,True
0.0021544346900318843,40,BA,True
0.0021544346900318843,40,REG,True
0.0021544346900318843,40,REG,True
0.0021544346900318843,40,REG,True
0.0021544346900318843,50,ER,True
0.0021544346900318843,50,ER,True
0.0021544346900318843,50,ER,True
0.0021544346900318843,50,ER,True
0.0021544346900318843,50,ER,True
0.0021544346900318843,50,ER,True
0.0021544346900318843,50,ER,True
0.0021544346900318843,50,ER,True
0.0021544346900318843,50,ER,True
0.0021544346900318843,50,ER,True
0.0021544346900318843,50,BA,True
0.0021544346900318843,50,BA,True
0.0021544346900318843,50,BA,True
0.0021544346900318843,50,BA,True
0.0021544346900318843,50,BA,True
0.0021544346900318843,50,BA,True
0.0021544346900318843,50,BA,True
0.0021544346900318843,50,BA,True
0.0021544346900318843,50,BA,True
0.0021544346900318843,50,BA,True
0.0021544346900318843,50,REG,True
0.0021544346900318843,50,REG,True
0.0021544346900318843,50,REG,False
0.0031622776601683794,4,ER,True
0.0031622776601683794,4,ER,True
0.0031622776601683794,4,ER,True
0.0031622776601683794,4,ER,True
0.0031622776601683794,4,ER,True
0.0031622776601683794,4,ER,True
0.0031622776601683794,4,ER,True
0.0031622776601683794,4,ER,True
0.0031622776601683794,4,ER,True
0.0031622776601683794,4,ER,True
0.0031622776601683794,4,BA,True
0.0031622776601683794,4,BA,True
0.0031622776601683794,4,BA,True
0.0031622776601683794,4,BA,True
0.0031622776601683794,4,BA,True
0.0031622776601683794,4,BA,True
0.0031622776601683794,4,BA,True
0.0031622776601683794,4,BA,True
0.0031622776601683794,4,BA,True
0.0031622776601683794,4,BA,True
0.0031622776601683794,4,REG,True
0.0031622776601683794,10,ER,True
0.0031622776601683794,10,ER,True
0.0031622776601683794,10,ER,True
0.0031622776601683794,10,ER,True
0.0031622776601683794,10,ER,True
0.0031622776601683794,10,ER,True
0.0031622776601683794,10,ER,True
0.0031622776601683794,10,ER,True
0.0031622776601683794,10,ER,True
0.0031622776601683794,10,ER,True
0.0031622776601683794,10,BA,True
0.0031622776601683794,10,BA,True
0.0031622776601683794,10,BA,True
0.0031622776601683794,10,BA,True
0.0031622776601683794,10,BA,True
0.0031622776601683794,10,BA,True
0.0031622776601683794,10,BA,True
0.0031622776601683794,10,BA,True
0.0031622776601683794,10,BA,True
0.0031622776601683794,10,BA,True
0.0031622776601683794,10,REG,True
0.0031622776601683794,10,REG,True
0.0031622776601683794,20,ER,True
0.0031622776601683794,20,ER,True
0.0031622776601683794,20,ER,True
0.0031622776601683794,20,ER,True
0.0031622776601683794,20,ER,True
0.0031622776601683794,20,ER,True
0.0031622776601683794,20,ER,True
0.0031622776601683794,20,ER,True
0.0031622776601683794,20,ER,True
0.0031622776601683794,20,ER,True
0.0031622776601683794,20,BA,True
0.0031622776601683794,20,BA,True
0.0031622776601683794,20,BA,True
0.0031622776601683794,20,BA,True
0.0031622776601683794,20,BA,True
0.0031622776601683794,20,BA,True
0.0031622776601683794,20,BA,True
0.0031622776601683794,20,BA,True
0.0031622776601683794,20,BA,True
0.0031622776601683794,20,BA,True
0.0031622776601683794,20,REG,True
0.0031622776601683794,20,REG,True
0.0031622776601683794,20,REG,True
0.0031622776601683794,30,ER,True
0.0031622776601683794,30,ER,True
0.0031622776601683794,30,ER,True
0.0031622776601683794,30,ER,True
0.0031622776601683794,30,ER,True
0.0031622776601683794,30,ER,True
0.0031622776601683794,30,ER,True
0.0031622776601683794,30,ER,True
0.0031622776601683794,30,ER,True
0.0031622776601683794,30,ER,True
0.0031622776601683794,30,BA,True
0.0031622776601683794,30,BA,True
0.0031622776601683794,30,BA,True
0.0031622776601683794,30,BA,True
0.0031622776601683794,30,BA,True
0.0031622776601683794,30,BA,True
0.0031622776601683794,30,BA,True
0.0031622776601683794,30,BA,True
0.0031622776601683794,30,BA,True
0.0031622776601683794,30,BA,True
0.0031622776601683794,30,REG,True
0.0031622776601683794,30,REG,False
0.0031622776601683794,30,REG,True
0.0031622776601683794,40,ER,True
0.0031622776601683794,40,ER,True
0.0031622776601683794,40,ER,True
0.0031622776601683794,40,ER,True
0.0031622776601683794,40,ER,True
0.0031622776601683794,40,ER,True
0.0031622776601683794,40,ER,True
0.0031622776601683794,40,ER,True
0.0031622776601683794,40,ER,True
0.0031622776601683794,40,ER,True
0.0031622776601683794,40,BA,True
0.0031622776601683794,40,BA,True
0.0031622776601683794,40,BA,True
0.0031622776601683794,40,BA,True
0.0031622776601683794,40,BA,True
0.0031622776601683794,40,BA,True
0.0031622776601683794,40,BA,True
0.0031622776601683794,40,BA,True
0.0031622776601683794,40,BA,True
0.0031622776601683794,40,BA,True
0.0031622776601683794,40,REG,True
0.0031622776601683794,40,REG,False
0.0031622776601683794,40,REG,True
0.0031622776601683794,50,ER,True
0.0031622776601683794,50,ER,True
0.0031622776601683794,50,ER,True
0.0031622776601683794,50,ER,True
0.0031622776601683794,50,ER,True
0.0031622776601683794,50,ER,True
0.0031622776601683794,50,ER,True
0.0031622776601683794,50,ER,True
0.0031622776601683794,50,ER,True
0.0031622776601683794,50,ER,True
0.0031622776601683794,50,BA,True
0.0031622776601683794,50,BA,True
0.0031622776601683794,50,BA,True
0.0031622776601683794,50,BA,True
0.0031622776601683794,50,BA,True
0.0031622776601683794,50,BA,True
0.0031622776601683794,50,BA,True
0.0031622776601683794,50,BA,True
0.0031622776601683794,50,BA,True
0.0031622776601683794,50,BA,True
0.0031622776601683794,50,REG,True
0.0031622776601683794,50,REG,True
0.0031622776601683794,50,REG,False
0.004641588833612777,4,ER,True
0.004641588833612777,4,ER,True
0.004641588833612777,4,ER,True
0.004641588833612777,4,ER,True
0.004641588833612777,4,ER,True
0.004641588833612777,4,ER,True
0.004641588833612777,4,ER,True
0.004641588833612777,4,ER,True
0.004641588833612777,4,ER,True
0.004641588833612777,4,ER,True
0.004641588833612777,4,BA,True
0.004641588833612777,4,BA,True
0.004641588833612777,4,BA,True
0.004641588833612777,4,BA,True
0.004641588833612777,4,BA,True
0.004641588833612777,4,BA,True
0.004641588833612777,4,BA,True
0.004641588833612777,4,BA,True
0.004641588833612777,4,BA,True
0.004641588833612777,4,BA,True
0.004641588833612777,4,REG,True
0.004641588833612777,10,ER,True
0.004641588833612777,10,ER,True
0.004641588833612777,10,ER,True
0.004641588833612777,10,ER,True
0.004641588833612777,10,ER,True
0.004641588833612777,10,ER,True
0.004641588833612777,10,ER,True
0.004641588833612777,10,ER,True
0.004641588833612777,10,ER,True
0.004641588833612777,10,ER,True
0.004641588833612777,10,BA,True
0.004641588833612777,10,BA,True
0.004641588833612777,10,BA,True
0.004641588833612777,10,BA,True
0.004641588833612777,10,BA,True
0.004641588833612777,10,BA,True
0.004641588833612777,10,BA,True
0.004641588833612777,10,BA,True
0.004641588833612777,10,BA,True
0.004641588833612777,10,BA,True
0.004641588833612777,10,REG,True
0.004641588833612777,10,REG,True
0.004641588833612777,20,ER,True
0.004641588833612777,20,ER,True
0.004641588833612777,20,ER,True
0.004641588833612777,20,ER,True
0.004641588833612777,20,ER,True
0.004641588833612777,20,ER,True
0.004641588833612777,20,ER,True
0.004641588833612777,20,ER,True
0.004641588833612777,20,ER,True
0.004641588833612777,20,ER,True
0.004641588833612777,20,BA,True
0.004641588833612777,20,BA,True
0.004641588833612777,20,BA,True
0.004641588833612777,20,BA,True
0.004641588833612777,20,BA,True
0.004641588833612777,20,BA,True
0.004641588833612777,20,BA,True
0.004641588833612777,20,BA,True
0.004641588833612777,20,BA,True
0.004641588833612777,20,BA,True
0.004641588833612777,20,REG,True
0.004641588833612777,20,REG,True
0.004641588833612777,20,REG,True
0.004641588833612777,30,ER,True
0.004641588833612777,30,ER,True
0.004641588833612777,30,ER,True
0.004641588833612777,30,ER,True
0.004641588833612777,30,ER,True
0.004641588833612777,30,ER,True
0.004641588833612777,30,ER,True
0.004641588833612777,30,ER,True
0.004641588833612777,30,ER,True
0.004641588833612777,30,ER,True
0.004641588833612777,30,BA,True
0.004641588833612777,30,BA,True
0.004641588833612777,30,BA,True
0.004641588833612777,30,BA,True
0.004641588833612777,30,BA,True
0.004641588833612777,30,BA,True
0.004641588833612777,30,BA,True
0.004641588833612777,30,BA,True
0.004641588833612777,30,BA,True
0.004641588833612777,30,BA,True
0.004641588833612777,30,REG,True
0.004641588833612777,30,REG,False
0.004641588833612777,30,REG,True
0.004641588833612777,40,ER,True
0.004641588833612777,40,ER,True
0.004641588833612777,40,ER,True
0.004641588833612777,40,ER,True
0.004641588833612777,40,ER,True
0.004641588833612777,40,ER,True
0.004641588833612777,40,ER,True
0.004641588833612777,40,ER,True
0.004641588833612777,40,ER,True
0.004641588833612777,40,ER,True
0.004641588833612777,40,BA,True
0.004641588833612777,40,BA,True
0.004641588833612777,40,BA,True
0.004641588833612777,40,BA,True
0.004641588833612777,40,BA,True
0.004641588833612777,40,BA,True
0.004641588833612777,40,BA,True
0.004641588833612777,40,BA,True
0.004641588833612777,40,BA,True
0.004641588833612777,40,BA,True
0.004641588833612777,40,REG,True
0.004641588833612777,40,REG,False
0.004641588833612777,40,REG,True
0.004641588833612777,50,ER,True
0.004641588833612777,50,ER,True
0.004641588833612777,50,ER,True
0.004641588833612777,50,ER,True
0.004641588833612777,50,ER,True
0.004641588833612777,50,ER,True
0.004641588833612777,50,ER,True
0.004641588833612777,50,ER,True
0.004641588833612777,50,ER,True
0.004641588833612777,50,ER,True
0.004641588833612777,50,BA,True
0.004641588833612777,50,BA,True
0.004641588833612777,50,BA,True
0.004641588833612777,50,BA,True
0.004641588833612777,50,BA,True
0.004641588833612777,50,BA,True
0.004641588833612777,50,BA,True
0.004641588833612777,50,BA,True
0.004641588833612777,50,BA,True
0.004641588833612777,50,BA,True
0.004641588833612777,50,REG,True
0.004641588833612777,50,REG,True
0.004641588833612777,50,REG,False
0.006812920690579608,4,ER,True
0.006812920690579608,4,ER,True
0.006812920690579608,4,ER,True
0.006812920690579608,4,ER,True
0.006812920690579608,4,ER,True
0.006812920690579608,4,ER,True
0.006812920690579608,4,ER,True
0.006812920690579608,4,ER,True
0.006812920690579608,4,ER,True
0.006812920690579608,4,ER,True
0.006812920690579608,4,BA,True
0.006812920690579608,4,BA,True
0.006812920690579608,4,BA,True
0.006812920690579608,4,BA,True
0.006812920690579608,4,BA,True
0.006812920690579608,4,BA,True
0.006812920690579608,4,BA,True
0.006812920690579608,4,BA,True
0.006812920690579608,4,BA,True
0.006812920690579608,4,BA,True
0.006812920690579608,4,REG,True
0.006812920690579608,10,ER,True
0.006812920690579608,10,ER,True
0.006812920690579608,10,ER,True
0.006812920690579608,10,ER,True
0.006812920690579608,10,ER,True
0.006812920690579608,10,ER,True
0.006812920690579608,10,ER,True
0.006812920690579608,10,ER,True
0.006812920690579608,10,ER,True
0.006812920690579608,10,ER,True
0.006812920690579608,10,BA,True
0.006812920690579608,10,BA,True
0.006812920690579608,10,BA,True
0.006812920690579608,10,BA,True
0.006812920690579608,10,BA,True
0.006812920690579608,10,BA,True
0.006812920690579608,10,BA,True
0.006812920690579608,10,BA,True
0.006812920690579608,10,BA,True
0.006812920690579608,10,BA,True
0.006812920690579608,10,REG,True
0.006812920690579608,10,REG,True
0.006812920690579608,20,ER,True
0.006812920690579608,20,ER,True
0.006812920690579608,20,ER,True
0.006812920690579608,20,ER,True
0.006812920690579608,20,ER,True
0.006812920690579608,20,ER,True
0.006812920690579608,20,ER,True
0.006812920690579608,20,ER,True
0.006812920690579608,20,ER,True
0.006812920690579608,20,ER,True
0.006812920690579608,20,BA,True
0.006812920690579608,20,BA,True
0.006812920690579608,20,BA,True
0.006812920690579608,20,BA,True
0.006812920690579608,20,BA,True
0.006812920690579608,20,BA,True
0.006812920690579608,20,BA,True
0.006812920690579608,20,BA,True
0.006812920690579608,20,BA,True
0.006812920690579608,20,BA,True
0.006812920690579608,20,REG,True
0.006812920690579608,20,REG,True
0.006812920690579608,20,REG,True
0.006812920690579608,30,ER,True
0.006812920690579608,30,ER,True
0.006812920690579608,30,ER,True
0.006812920690579608,30,ER,True
0.006812920690579608,30,ER,True
0.006812920690579608,30,ER,True
0.006812920690579608,30,ER,True
0.006812920690579608,30,ER,True
0.006812920690579608,30,ER,True
0.006812920690579608,30,ER,True
0.006812920690579608,30,BA,True
0.006812920690579608,30,BA,True
0.006812920690579608,30,BA,True
0.006812920690579608,30,BA,True
0.006812920690579608,30,BA,True
0.006812920690579608,30,BA,True
0.006812920690579608,30,BA,True
0.006812920690579608,30,BA,True
0.006812920690579608,30,BA,True
0.006812920690579608,30,BA,True
0.006812920690579608,30,REG,True
0.006812920690579608,30,REG,False
0.006812920690579608,30,REG,True
0.006812920690579608,40,ER,True
0.006812920690579608,40,ER,True
0.006812920690579608,40,ER,True
0.006812920690579608,40,ER,True
0.006812920690579608,40,ER,True
0.006812920690579608,40,ER,True
0.006812920690579608,40,ER,True
0.006812920690579608,40,ER,True
0.006812920690579608,40,ER,True
0.006812920690579608,40,ER,True
0.006812920690579608,40,BA,True
0.006812920690579608,40,BA,True
0.006812920690579608,40,BA,True
0.006812920690579608,40,BA,True
0.006812920690579608,40,BA,True
0.006812920690579608,40,BA,True
0.006812920690579608,40,BA,True
0.006812920690579608,40,BA,True
0.006812920690579608,40,BA,True
0.006812920690579608,40,BA,True
0.006812920690579608,40,REG,True
0.006812920690579608,40,REG,False
0.006812920690579608,40,REG,True
0.006812920690579608,50,ER,True
0.006812920690579608,50,ER,True
0.006812920690579608,50,ER,True
0.006812920690579608,50,ER,True
0.006812920690579608,50,ER,True
0.006812920690579608,50,ER,True
0.006812920690579608,50,ER,True
0.006812920690579608,50,ER,True
0.006812920690579608,50,ER,True
0.006812920690579608,50,ER,True
0.006812920690579608,50,BA,True
0.006812920690579608,50,BA,True
0.006812920690579608,50,BA,True
0.006812920690579608,50,BA,True
0.006812920690579608,50,BA,True
0.006812920690579608,50,BA,True
0.006812920690579608,50,BA,True
0.006812920690579608,50,BA,True
0.006812920690579608,50,BA,True
0.006812920690579608,50,BA,True
0.006812920690579608,50,REG,True
0.006812920690579608,50,REG,True
0.006812920690579608,50,REG,False
0.01,4,ER,True
0.01,4,ER,True
0.01,4,ER,True
0.01,4,ER,True
0.01,4,ER,True
0.01,4,ER,True
0.01,4,ER,True
0.01,4,ER,True
0.01,4,ER,True
0.01,4,ER,True
0.01,4,BA,True
0.01,4,BA,True
0.01,4,BA,True
0.01,4,BA,True
0.01,4,BA,True
0.01,4,BA,True
0.01,4,BA,True
0.01,4,BA,True
0.01,4,BA,True
0.01,4,BA,True
0.01,4,REG,True
0.01,10,ER,True
0.01,10,ER,True
0.01,10,ER,True
0.01,10,ER,True
0.01,10,ER,True
0.01,10,ER,True
0.01,10,ER,True
0.01,10,ER,True
0.01,10,ER,True
0.01,10,ER,True
0.01,10,BA,True
0.01,10,BA,True
0.01,10,BA,True
0.01,10,BA,True
0.01,10,BA,True
0.01,10,BA,True
0.01,10,BA,True
0.01,10,BA,True
0.01,10,BA,True
0.01,10,BA,True
0.01,10,REG,True
0.01,10,REG,True
0.01,20,ER,True
0.01,20,ER,True
0.01,20,ER,True
0.01,20,ER,True
0.01,20,ER,True
0.01,20,ER,True
0.01,20,ER,True
0.01,20,ER,True
0.01,20,ER,True
0.01,20,ER,True
0.01,20,BA,True
0.01,20,BA,True
0.01,20,BA,True
0.01,20,BA,True
0.01,20,BA,True
0.01,20,BA,True
0.01,20,BA,True
0.01,20,BA,True
0.01,20,BA,True
0.01,20,BA,True
0.01,20,REG,True
0.01,20,REG,True
0.01,20,REG,True
0.01,30,ER,True
0.01,30,ER,True
0.01,30,ER,True
0.01,30,ER,True
0.01,30,ER,True
0.01,30,ER,True
0.01,30,ER,True
0.01,30,ER,True
0.01,30,ER,True
0.01,30,ER,True
0.01,30,BA,True
0.01,30,BA,True
0.01,30,BA,True
0.01,30,BA,True
0.01,30,BA,True
0.01,30,BA,True
0.01,30,BA,True
0.01,30,BA,True
0.01,30,BA,True
0.01,30,BA,True
0.01,30,REG,True
0.01,30,REG,False
0.01,30,REG,True
0.01,40,ER,True
0.01,40,ER,True
0.01,40,ER,True
0.01,40,ER,True
0.01,40,ER,True
0.01,40,ER,True
0.01,40,ER,True
0.01,40,ER,True
0.01,40,ER,True
0.01,40,ER,True
0.01,40,BA,True
0.01,40,BA,True
0.01,40,BA,True
0.01,40,BA,True
0.01,40,BA,True
0.01,40,BA,True
0.01,40,BA,True
0.01,40,BA,True
0.01,40,BA,True
0.01,40,BA,True
0.01,40,REG,True
0.01,40,REG,False
0.01,40,REG,True
0.01,50,ER,True
0.01,50,ER,True
0.01,50,ER,True
0.01,50,ER,True
0.01,50,ER,True
0.01,50,ER,True
0.01,50,ER,True
0.01,50,ER,True
0.01,50,ER,True
0.01,50,ER,True
0.01,50,BA,True
0.01,50,BA,True
0.01,50,BA,True
0.01,50,BA,True
0.01,50,BA,True
0.01,50,BA,True
0.01,50,BA,True
0.01,50,BA,True
0.01,50,BA,True
0.01,50,BA,True
0.01,50,REG,True
0.01,50,REG,True
0.01,50,REG,False
0.01467799267622069,4,ER,True
0.01467799267622069,4,ER,True
0.01467799267622069,4,ER,True
0.01467799267622069,4,ER,True
0.01467799267622069,4,ER,True
0.01467799267622069,4,ER,True
0.01467799267622069,4,ER,True
0.01467799267622069,4,ER,True
0.01467799267622069,4,ER,True
0.01467799267622069,4,ER,True
0.01467799267622069,4,BA,True
0.01467799267622069,4,BA,True
0.01467799267622069,4,BA,True
0.01467799267622069,4,BA,True
0.01467799267622069,4,BA,True
0.01467799267622069,4,BA,True
0.01467799267622069,4,BA,True
0.01467799267622069,4,BA,True
0.01467799267622069,4,BA,True
0.01467799267622069,4,BA,True
0.01467799267622069,4,REG,True
0.01467799267622069,10,ER,True
0.01467799267622069,10,ER,True
0.01467799267622069,10,ER,True
0.01467799267622069,10,ER,True
0.01467799267622069,10,ER,True
0.01467799267622069,10,ER,True
0.01467799267622069,10,ER,True
0.01467799267622069,10,ER,True
0.01467799267622069,10,ER,True
0.01467799267622069,10,ER,True
0.01467799267622069,10,BA,True
0.01467799267622069,10,BA,True
0.01467799267622069,10,BA,True
0.01467799267622069,10,BA,True
0.01467799267622069,10,BA,True
0.01467799267622069,10,BA,True
0.01467799267622069,10,BA,True
0.01467799267622069,10,BA,True
0.01467799267622069,10,BA,True
0.01467799267622069,10,BA,True
0.01467799267622069,10,REG,True
0.01467799267622069,10,REG,True
0.01467799267622069,20,ER,True
0.01467799267622069,20,ER,True
0.01467799267622069,20,ER,True
0.01467799267622069,20,ER,True
0.01467799267622069,20,ER,True
0.01467799267622069,20,ER,True
0.01467799267622069,20,ER,True
0.01467799267622069,20,ER,True
0.01467799267622069,20,ER,True
0.01467799267622069,20,ER,True
0.01467799267622069,20,BA,True
0.01467799267622069,20,BA,True
0.01467799267622069,20,BA,True
0.01467799267622069,20,BA,True
0.01467799267622069,20,BA,True
0.01467799267622069,20,BA,True
0.01467799267622069,20,BA,True
0.01467799267622069,20,BA,True
0.01467799267622069,20,BA,True
0.01467799267622069,20,BA,True
0.01467799267622069,20,REG,True
0.01467799267622069,20,REG,True
0.01467799267622069,20,REG,True
0.01467799267622069,30,ER,True
0.01467799267622069,30,ER,True
0.01467799267622069,30,ER,True
0.01467799267622069,30,ER,True
0.01467799267622069,30,ER,True
0.01467799267622069,30,ER,True
0.01467799267622069,30,ER,True
0.01467799267622069,30,ER,True
0.01467799267622069,30,ER,True
0.01467799267622069,30,ER,True
0.01467799267622069,30,BA,True
0.01467799267622069,30,BA,True
0.01467799267622069,30,BA,True
0.01467799267622069,30,BA,True
0.01467799267622069,30,BA,True
0.01467799267622069,30,BA,True
0.01467799267622069,30,BA,True
0.01467799267622069,30,BA,True
0.01467799267622069,30,BA,True
0.01467799267622069,30,BA,True
0.01467799267622069,30,REG,True
0.01467799267622069,30,REG,False
0.01467799267622069,30,REG,True
0.01467799267622069,40,ER,True
0.01467799267622069,40,ER,True
0.01467799267622069,40,ER,True
0.01467799267622069,40,ER,True
0.01467799267622069,40,ER,True
0.01467799267622069,40,ER,True
0.01467799267622069,40,ER,True
0.01467799267622069,40,ER,True
0.01467799267622069,40,ER,True
0.01467799267622069,40,ER,True
0.01467799267622069,40,BA,True
0.01467799267622069,40,BA,True
0.01467799267622069,40,BA,True
0.01467799267622069,40,BA,True
0.01467799267622069,40,BA,True
0.01467799267622069,40,BA,True
0.01467799267622069,40,BA,True
0.01467799267622069,40,BA,True
0.01467799267622069,40,BA,True
0.01467799267622069,40,BA,True
0.01467799267622069,40,REG,True
0.01467799267622069,40,REG,False
0.01467799267622069,40,REG,True
0.01467799267622069,50,ER,True
0.01467799267622069,50,ER,True
0.01467799267622069,50,ER,True
0.01467799267622069,50,ER,True
0.01467799267622069,50,ER,True
0.01467799267622069,50,ER,True
0.01467799267622069,50,ER,True
0.01467799267622069,50,ER,True
0.01467799267622069,50,ER,True
0.01467799267622069,50,ER,True
0.01467799267622069,50,BA,True
0.01467799267622069,50,BA,True
0.01467799267622069,50,BA,True
0.01467799267622069,50,BA,True
0.01467799267622069,50,BA,True
0.01467799267622069,50,BA,True
0.01467799267622069,50,BA,True
0.01467799267622069,50,BA,True
0.01467799267622069,50,BA,True
0.01467799267622069,50,BA,True
0.01467799267622069,50,REG,True
0.01467799267622069,50,REG,True
0.01467799267622069,50,REG,False
0.021544346900318832,4,ER,True
0.021544346900318832,4,ER,True
0.021544346900318832,4,ER,True
0.021544346900318832,4,ER,True
0.021544346900318832,4,ER,True
0.021544346900318832,4,ER,True
0.021544346900318832,4,ER,True
0.021544346900318832,4,ER,True
0.021544346900318832,4,ER,True
0.021544346900318832,4,ER,True
0.021544346900318832,4,BA,True
0.021544346900318832,4,BA,True
0.021544346900318832,4,BA,True
0.021544346900318832,4,BA,True
0.021544346900318832,4,BA,True
0.021544346900318832,4,BA,True
0.021544346900318832,4,BA,True
0.021544346900318832,4,BA,True
0.021544346900318832,4,BA,True
0.021544346900318832,4,BA,True
0.021544346900318832,4,REG,True
0.021544346900318832,10,ER,True
0.021544346900318832,10,ER,True
0.021544346900318832,10,ER,True
0.021544346900318832,10,ER,True
0.021544346900318832,10,ER,True
0.021544346900318832,10,ER,True
0.021544346900318832,10,ER,True
0.021544346900318832,10,ER,True
0.021544346900318832,10,ER,True
0.021544346900318832,10,ER,True
0.021544346900318832,10,BA,True
0.021544346900318832,10,BA,True
0.021544346900318832,10,BA,True
0.021544346900318832,10,BA,True
0.021544346900318832,10,BA,True
0.021544346900318832,10,BA,True
0.021544346900318832,10,BA,True
0.021544346900318832,10,BA,True
0.021544346900318832,10,BA,True
0.021544346900318832,10,BA,True
0.021544346900318832,10,REG,True
0.021544346900318832,10,REG,True
0.021544346900318832,20,ER,True
0.021544346900318832,20,ER,False
0.021544346900318832,20,ER,True
0.021544346900318832,20,ER,True
0.021544346900318832,20,ER,True
0.021544346900318832,20,ER,True
0.021544346900318832,20,ER,True
0.021544346900318832,20,ER,True
0.021544346900318832,20,ER,True
0.021544346900318832,20,ER,True
0.021544346900318832,20,BA,True
0.021544346900318832,20,BA,True
0.021544346900318832,20,BA,True
0.021544346900318832,20,BA,True
0.021544346900318832,20,BA,True
0.021544346900318832,20,BA,True
0.021544346900318832,20,BA,True
0.021544346900318832,20,BA,True
0.021544346900318832,20,BA,True
0.021544346900318832,20,BA,True
0.021544346900318832,20,REG,True
0.021544346900318832,20,REG,True
0.021544346900318832,20,REG,True
0.021544346900318832,30,ER,True
0.021544346900318832,30,ER,True
0.021544346900318832,30,ER,True
0.021544346900318832,30,ER,True
0.021544346900318832,30,ER,True
0.021544346900318832,30,ER,True
0.021544346900318832,30,ER,True
0.021544346900318832,30,ER,True
0.021544346900318832,30,ER,True
0.021544346900318832,30,ER,True
0.021544346900318832,30,BA,True
0.021544346900318832,30,BA,True
0.021544346900318832,30,BA,True
0.021544346900318832,30,BA,True
0.021544346900318832,30,BA,True
0.021544346900318832,30,BA,True
0.021544346900318832,30,BA,True
0.021544346900318832,30,BA,True
0.021544346900318832,30,BA,True
0.021544346900318832,30,BA,True
0.021544346900318832,30,REG,True
0.021544346900318832,30,REG,False
0.021544346900318832,30,REG,True
0.021544346900318832,40,ER,True
0.021544346900318832,40,ER,True
0.021544346900318832,40,ER,True
0.021544346900318832,40,ER,True
0.021544346900318832,40,ER,True
0.021544346900318832,40,ER,True
0.021544346900318832,40,ER,True
0.021544346900318832,40,ER,True
0.021544346900318832,40,ER,True
0.021544346900318832,40,ER,True
0.021544346900318832,40,BA,True
0.021544346900318832,40,BA,True
0.021544346900318832,40,BA,True
0.021544346900318832,40,BA,True
0.021544346900318832,40,BA,True
0.021544346900318832,40,BA,True
0.021544346900318832,40,BA,True
0.021544346900318832,40,BA,True
0.021544346900318832,40,BA,True
0.021544346900318832,40,BA,True
0.021544346900318832,40,REG,True
0.021544346900318832,40,REG,False
0.021544346900318832,40,REG,True
0.021544346900318832,50,ER,True
0.021544346900318832,50,ER,True
0.021544346900318832,50,ER,True
0.021544346900318832,50,ER,True
0.021544346900318832,50,ER,True
0.021544346900318832,50,ER,True
0.021544346900318832,50,ER,True
0.021544346900318832,50,ER,True
0.021544346900318832,50,ER,True
0.021544346900318832,50,ER,True
0.021544346900318832,50,BA,True
0.021544346900318832,50,BA,True
0.021544346900318832,50,BA,True
0.021544346900318832,50,BA,True
0.021544346900318832,50,BA,True
0.021544346900318832,50,BA,True
0.021544346900318832,50,BA,True
0.021544346900318832,50,BA,True
0.021544346900318832,50,BA,True
0.021544346900318832,50,BA,True
0.021544346900318832,50,REG,True
0.021544346900318832,50,REG,True
0.021544346900318832,50,REG,False
0.03162277660168379,4,ER,True
0.03162277660168379,4,ER,True
0.03162277660168379,4,ER,True
0.03162277660168379,4,ER,True
0.03162277660168379,4,ER,True
0.03162277660168379,4,ER,True
0.03162277660168379,4,ER,True
0.03162277660168379,4,ER,True
0.03162277660168379,4,ER,True
0.03162277660168379,4,ER,True
0.03162277660168379,4,BA,True
0.03162277660168379,4,BA,True
0.03162277660168379,4,BA,True
0.03162277660168379,4,BA,True
0.03162277660168379,4,BA,True
0.03162277660168379,4,BA,True
0.03162277660168379,4,BA,True
0.03162277660168379,4,BA,True
0.03162277660168379,4,BA,True
0.03162277660168379,4,BA,True
0.03162277660168379,4,REG,True
0.03162277660168379,10,ER,True
0.03162277660168379,10,ER,True
0.03162277660168379,10,ER,True
0.03162277660168379,10,ER,True
0.03162277660168379,10,ER,True
0.03162277660168379,10,ER,True
0.03162277660168379,10,ER,True
0.03162277660168379,10,ER,True
0.03162277660168379,10,ER,True
0.03162277660168379,10,ER,True
0.03162277660168379,10,BA,True
0.03162277660168379,10,BA,True
0.03162277660168379,10,BA,True
0.03162277660168379,10,BA,True
0.03162277660168379,10,BA,True
0.03162277660168379,10,BA,True
0.03162277660168379,10,BA,True
0.03162277660168379,10,BA,True
0.03162277660168379,10,BA,True
0.03162277660168379,10,BA,True
0.03162277660168379,10,REG,True
0.03162277660168379,10,REG,True
0.03162277660168379,20,ER,True
0.03162277660168379,20,ER,True
0.03162277660168379,20,ER,True
0.03162277660168379,20,ER,True
0.03162277660168379,20,ER,True
0.03162277660168379,20,ER,True
0.03162277660168379,20,ER,True
0.03162277660168379,20,ER,True
0.03162277660168379,20,ER,True
0.03162277660168379,20,ER,True
0.03162277660168379,20,BA,True
0.03162277660168379,20,BA,True
0.03162277660168379,20,BA,True
0.03162277660168379,20,BA,True
0.03162277660168379,20,BA,True
0.03162277660168379,20,BA,True
0.03162277660168379,20,BA,True
0.03162277660168379,20,BA,True
0.03162277660168379,20,BA,True
0.03162277660168379,20,BA,True
0.03162277660168379,20,REG,True
0.03162277660168379,20,REG,True
0.03162277660168379,20,REG,True
0.03162277660168379,30,ER,True
0.03162277660168379,30,ER,True
0.03162277660168379,30,ER,True
0.03162277660168379,30,ER,True
0.03162277660168379,30,ER,True
0.03162277660168379,30,ER,True
0.03162277660168379,30,ER,True
0.03162277660168379,30,ER,True
0.03162277660168379,30,ER,True
0.03162277660168379,30,ER,True
0.03162277660168379,30,BA,True
0.03162277660168379,30,BA,True
0.03162277660168379,30,BA,True
0.03162277660168379,30,BA,True
0.03162277660168379,30,BA,True
0.03162277660168379,30,BA,True
0.03162277660168379,30,BA,True
0.03162277660168379,30,BA,True
0.03162277660168379,30,BA,True
0.03162277660168379,30,BA,True
0.03162277660168379,30,REG,True
0.03162277660168379,30,REG,False
0.03162277660168379,30,REG,True
0.03162277660168379,40,ER,True
0.03162277660168379,40,ER,True
0.03162277660168379,40,ER,True
0.03162277660168379,40,ER,True
0.03162277660168379,40,ER,True
0.03162277660168379,40,ER,True
0.03162277660168379,40,ER,True
0.03162277660168379,40,ER,True
0.03162277660168379,40,ER,True
0.03162277660168379,40,ER,True
0.03162277660168379,40,BA,True
0.03162277660168379,40,BA,True
0.03162277660168379,40,BA,True
0.03162277660168379,40,BA,True
0.03162277660168379,40,BA,True
0.03162277660168379,40,BA,True
0.03162277660168379,40,BA,True
0.03162277660168379,40,BA,True
0.03162277660168379,40,BA,True
0.03162277660168379,40,BA,True
0.03162277660168379,40,REG,True
0.03162277660168379,40,REG,False
0.03162277660168379,40,REG,True
0.03162277660168379,50,ER,True
0.03162277660168379,50,ER,True
0.03162277660168379,50,ER,True
0.03162277660168379,50,ER,True
0.03162277660168379,50,ER,True
0.03162277660168379,50,ER,True
0.03162277660168379,50,ER,True
0.03162277660168379,50,ER,True
0.03162277660168379,50,ER,True
0.03162277660168379,50,ER,True
0.03162277660168379,50,BA,True
0.03162277660168379,50,BA,True
0.03162277660168379,50,BA,True
0.03162277660168379,50,BA,True
0.03162277660168379,50,BA,True
0.03162277660168379,50,BA,True
0.03162277660168379,50,BA,True
0.03162277660168379,50,BA,True
0.03162277660168379,50,BA,True
0.03162277660168379,50,BA,True
0.03162277660168379,50,REG,True
0.03162277660168379,50,REG,True
0.03162277660168379,50,REG,False
0.046415888336127774,4,ER,True
0.046415888336127774,4,ER,True
0.046415888336127774,4,ER,True
0.046415888336127774,4,ER,True
0.046415888336127774,4,ER,True
0.046415888336127774,4,ER,True
0.046415888336127774,4,ER,True
0.046415888336127774,4,ER,True
0.046415888336127774,4,ER,True
0.046415888336127774,4,ER,True
0.046415888336127774,4,BA,True
0.046415888336127774,4,BA,True
0.046415888336127774,4,BA,True
0.046415888336127774,4,BA,True
0.046415888336127774,4,BA,True
0.046415888336127774,4,BA,True
0.046415888336127774,4,BA,True
0.046415888336127774,4,BA,True
0.046415888336127774,4,BA,True
0.046415888336127774,4,BA,True
0.046415888336127774,4,REG,True
0.046415888336127774,10,ER,True
0.046415888336127774,10,ER,True
0.046415888336127774,10,ER,True
0.046415888336127774,10,ER,True
0.046415888336127774,10,ER,True
0.046415888336127774,10,ER,True
0.046415888336127774,10,ER,True
0.046415888336127774,10,ER,True
0.046415888336127774,10,ER,True
0.046415888336127774,10,ER,True
0.046415888336127774,10,BA,True
0.046415888336127774,10,BA,True
0.046415888336127774,10,BA,True
0.046415888336127774,10,BA,True
0.046415888336127774,10,BA,True
0.046415888336127774,10,BA,True
0.046415888336127774,10,BA,True
0.046415888336127774,10,BA,True
0.046415888336127774,10,BA,True
0.046415888336127774,10,BA,True
0.046415888336127774,10,REG,True
0.046415888336127774,10,REG,True
0.046415888336127774,20,ER,True
0.046415888336127774,20,ER,True
0.046415888336127774,20,ER,True
0.046415888336127774,20,ER,True
0.046415888336127774,20,ER,True
0.046415888336127774,20,ER,True
0.046415888336127774,20,ER,True
0.046415888336127774,20,ER,True
0.046415888336127774,20,ER,True
0.046415888336127774,20,ER,True
0.046415888336127774,20,BA,True
0.046415888336127774,20,BA,True
0.046415888336127774,20,BA,True
0.046415888336127774,20,BA,True
0.046415888336127774,20,BA,True
0.046415888336127774,20,BA,True
0.046415888336127774,20,BA,True
0.046415888336127774,20,BA,True
0.046415888336127774,20,BA,True
0.046415888336127774,20,BA,True
0.046415888336127774,20,REG,True
0.046415888336127774,20,REG,True
0.046415888336127774,20,REG,True
0.046415888336127774,30,ER,True
0.046415888336127774,30,ER,True
0.046415888336127774,30,ER,True
0.046415888336127774,30,ER,True
0.046415888336127774,30,ER,True
0.046415888336127774,30,ER,True
0.046415888336127774,30,ER,True
0.046415888336127774,30,ER,True
0.046415888336127774,30,ER,True
0.046415888336127774,30,ER,True
0.046415888336127774,30,BA,True
0.046415888336127774,30,BA,True
0.046415888336127774,30,BA,True
0.046415888336127774,30,BA,True
0.046415888336127774,30,BA,True
0.046415888336127774,30,BA,True
0.046415888336127774,30,BA,True
0.046415888336127774,30,BA,True
0.046415888336127774,30,BA,True
0.046415888336127774,30,BA,True
0.046415888336127774,30,REG,True
0.046415888336127774,30,REG,False
0.046415888336127774,30,REG,True
0.046415888336127774,40,ER,True
0.046415888336127774,40,ER,True
0.046415888336127774,40,ER,True
0.046415888336127774,40,ER,True
0.046415888336127774,40,ER,True
0.046415888336127774,40,ER,True
0.046415888336127774,40,ER,True
0.046415888336127774,40,ER,True
0.046415888336127774,40,ER,True
0.046415888336127774,40,ER,True
0.046415888336127774,40,BA,True
0.046415888336127774,40,BA,True
0.046415888336127774,40,BA,True
0.046415888336127774,40,BA,True
0.046415888336127774,40,BA,True
0.046415888336127774,40,BA,True
0.046415888336127774,40,BA,True
0.046415888336127774,40,BA,True
0.046415888336127774,40,BA,True
0.046415888336127774,40,BA,True
0.046415888336127774,40,REG,True
0.046415888336127774,40,REG,False
0.046415888336127774,40,REG,True
0.046415888336127774,50,ER,True
0.046415888336127774,50,ER,True
0.046415888336127774,50,ER,True
0.046415888336127774,50,ER,True
0.046415888336127774,50,ER,True
0.046415888336127774,50,ER,True
0.046415888336127774,50,ER,True
0.046415888336127774,50,ER,True
0.046415888336127774,50,ER,True
0.046415888336127774,50,ER,True
0.046415888336127774,50,BA,True
0.046415888336127774,50,BA,True
0.046415888336127774,50,BA,True
0.046415888336127774,50,BA,True
0.046415888336127774,50,BA,True
0.046415888336127774,50,BA,True
0.046415888336127774,50,BA,True
0.046415888336127774,50,BA,True
0.046415888336127774,50,BA,True
0.046415888336127774,50,BA,True
0.046415888336127774,50,REG,True
0.046415888336127774,50,REG,True
0.046415888336127774,50,REG,False
0.06812920690579612,4,ER,True
0.06812920690579612,4,ER,True
0.06812920690579612,4,ER,True
0.06812920690579612,4,ER,True
0.06812920690579612,4,ER,True
0.06812920690579612,4,ER,True
0.06812920690579612,4,ER,True
0.06812920690579612,4,ER,True
0.06812920690579612,4,ER,True
0.06812920690579612,4,ER,True
0.06812920690579612,4,BA,True
0.06812920690579612,4,BA,True
0.06812920690579612,4,BA,True
0.06812920690579612,4,BA,True
0.06812920690579612,4,BA,True
0.06812920690579612,4,BA,True
0.06812920690579612,4,BA,True
0.06812920690579612,4,BA,True
0.06812920690579612,4,BA,True
0.06812920690579612,4,BA,True
0.06812920690579612,4,REG,True
0.06812920690579612,10,ER,True
0.06812920690579612,10,ER,True
0.06812920690579612,10,ER,True
0.06812920690579612,10,ER,True
0.06812920690579612,10,ER,True
0.06812920690579612,10,ER,True
0.06812920690579612,10,ER,True
0.06812920690579612,10,ER,True
0.06812920690579612,10,ER,True
0.06812920690579612,10,ER,True
0.06812920690579612,10,BA,True
0.06812920690579612,10,BA,True
0.06812920690579612,10,BA,True
0.06812920690579612,10,BA,True
0.06812920690579612,10,BA,True
0.06812920690579612,10,BA,True
0.06812920690579612,10,BA,True
0.06812920690579612,10,BA,True
0.06812920690579612,10,BA,True
0.06812920690579612,10,BA,True
0.06812920690579612,10,REG,True
0.06812920690579612,10,REG,True
0.06812920690579612,20,ER,True
0.06812920690579612,20,ER,True
0.06812920690579612,20,ER,True
0.06812920690579612,20,ER,True
0.06812920690579612,20,ER,True
0.06812920690579612,20,ER,True
0.06812920690579612,20,ER,True
0.06812920690579612,20,ER,True
0.06812920690579612,20,ER,True
0.06812920690579612,20,ER,True
0.06812920690579612,20,BA,True
0.06812920690579612,20,BA,True
0.06812920690579612,20,BA,True
0.06812920690579612,20,BA,True
0.06812920690579612,20,BA,True
0.06812920690579612,20,BA,True
0.06812920690579612,20,BA,True
0.06812920690579612,20,BA,True
0.06812920690579612,20,BA,True
0.06812920690579612,20,BA,True
0.06812920690579612,20,REG,True
0.06812920690579612,20,REG,True
0.06812920690579612,20,REG,True
0.06812920690579612,30,ER,True
0.06812920690579612,30,ER,True
0.06812920690579612,30,ER,True
0.06812920690579612,30,ER,True
0.06812920690579612,30,ER,True
0.06812920690579612,30,ER,True
0.06812920690579612,30,ER,True
0.06812920690579612,30,ER,True
0.06812920690579612,30,ER,True
0.06812920690579612,30,ER,True
0.06812920690579612,30,BA,True
0.06812920690579612,30,BA,True
0.06812920690579612,30,BA,True
0.06812920690579612,30,BA,True
0.06812920690579612,30,BA,True
0.06812920690579612,30,BA,True
0.06812920690579612,30,BA,True
0.06812920690579612,30,BA,True
0.06812920690579612,30,BA,True
0.06812920690579612,30,BA,True
0.06812920690579612,30,REG,True
0.06812920690579612,30,REG,False
0.06812920690579612,30,REG,True
0.06812920690579612,40,ER,True
0.06812920690579612,40,ER,True
0.06812920690579612,40,ER,True
0.06812920690579612,40,ER,True
0.06812920690579612,40,ER,True
0.06812920690579612,40,ER,True
0.06812920690579612,40,ER,True
0.06812920690579612,40,ER,True
0.06812920690579612,40,ER,True
0.06812920690579612,40,ER,True
0.06812920690579612,40,BA,True
0.06812920690579612,40,BA,True
0.06812920690579612,40,BA,True
0.06812920690579612,40,BA,True
0.06812920690579612,40,BA,True
0.06812920690579612,40,BA,True
0.06812920690579612,40,BA,True
0.06812920690579612,40,BA,True
0.06812920690579612,40,BA,True
0.06812920690579612,40,BA,True
0.06812920690579612,40,REG,True
0.06812920690579612,40,REG,False
0.06812920690579612,40,REG,True
0.06812920690579612,50,ER,True
0.06812920690579612,50,ER,True
0.06812920690579612,50,ER,True
0.06812920690579612,50,ER,True
0.06812920690579612,50,ER,True
0.06812920690579612,50,ER,True
0.06812920690579612,50,ER,True
0.06812920690579612,50,ER,True
0.06812920690579612,50,ER,True
0.06812920690579612,50,ER,True
0.06812920690579612,50,BA,True
0.06812920690579612,50,BA,True
0.06812920690579612,50,BA,True
0.06812920690579612,50,BA,True
0.06812920690579612,50,BA,True
0.06812920690579612,50,BA,True
0.06812920690579612,50,BA,True
0.06812920690579612,50,BA,True
0.06812920690579612,50,BA,True
0.06812920690579612,50,BA,True
0.06812920690579612,50,REG,True
0.06812920690579612,50,REG,True
0.06812920690579612,50,REG,False
0.1,4,ER,True
0.1,4,ER,True
0.1,4,ER,True
0.1,4,ER,True
0.1,4,ER,True
0.1,4,ER,True
0.1,4,ER,True
0.1,4,ER,True
0.1,4,ER,True
0.1,4,ER,True
0.1,4,BA,True
0.1,4,BA,True
0.1,4,BA,True
0.1,4,BA,True
0.1,4,BA,True
0.1,4,BA,True
0.1,4,BA,True
0.1,4,BA,True
0.1,4,BA,True
0.1,4,BA,True
0.1,4,REG,True
0.1,10,ER,True
0.1,10,ER,True
0.1,10,ER,True
0.1,10,ER,True
0.1,10,ER,True
0.1,10,ER,True
0.1,10,ER,True
0.1,10,ER,True
0.1,10,ER,True
0.1,10,ER,True
0.1,10,BA,True
0.1,10,BA,True
0.1,10,BA,True
0.1,10,BA,True
0.1,10,BA,True
0.1,10,BA,True
0.1,10,BA,True
0.1,10,BA,True
0.1,10,BA,True
0.1,10,BA,True
0.1,10,REG,True
0.1,10,REG,True
0.1,20,ER,True
0.1,20,ER,True
0.1,20,ER,True
0.1,20,ER,True
0.1,20,ER,True
0.1,20,ER,True
0.1,20,ER,True
0.1,20,ER,True
0.1,20,ER,True
0.1,20,ER,True
0.1,20,BA,True
0.1,20,BA,True
0.1,20,BA,True
0.1,20,BA,True
0.1,20,BA,True
0.1,20,BA,True
0.1,20,BA,True
0.1,20,BA,True
0.1,20,BA,True
0.1,20,BA,True
0.1,20,REG,True
0.1,20,REG,True
0.1,20,REG,True
0.1,30,ER,True
0.1,30,ER,True
0.1,30,ER,True
0.1,30,ER,True
0.1,30,ER,True
0.1,30,ER,True
0.1,30,ER,True
0.1,30,ER,True
0.1,30,ER,True
0.1,30,ER,True
0.1,30,BA,True
0.1,30,BA,True
0.1,30,BA,True
0.1,30,BA,True
0.1,30,BA,True
0.1,30,BA,True
0.1,30,BA,True
0.1,30,BA,True
0.1,30,BA,True
0.1,30,BA,True
0.1,30,REG,True
0.1,30,REG,False
0.1,30,REG,True
0.1,40,ER,True
0.1,40,ER,True
0.1,40,ER,True
0.1,40,ER,True
0.1,40,ER,True
0.1,40,ER,True
0.1,40,ER,True
0.1,40,ER,True
0.1,40,ER,True
0.1,40,ER,True
0.1,40,BA,True
0.1,40,BA,True
0.1,40,BA,True
0.1,40,BA,True
0.1,40,BA,True
0.1,40,BA,True
0.1,40,BA,True
0.1,40,BA,True
0.1,40,BA,True
0.1,40,BA,True
0.1,40,REG,True
0.1,40,REG,False
0.1,40,REG,True
0.1,50,ER,True
0.1,50,ER,True
0.1,50,ER,True
0.1,50,ER,True
0.1,50,ER,True
0.1,50,ER,True
0.1,50,ER,True
0.1,50,ER,True
0.1,50,ER,True
0.1,50,ER,True
0.1,50,BA,True
0.1,50,BA,True
0.1,50,BA,True
0.1,50,BA,True
0.1,50,BA,True
0.1,50,BA,True
0.1,50,BA,True
0.1,50,BA,True
0.1,50,BA,True
0.1,50,BA,True
0.1,50,REG,True
0.1,50,REG,True
0.1,50,REG,False
0.1467799267622069,4,ER,True
0.1467799267622069,4,ER,True
0.1467799267622069,4,ER,True
0.1467799267622069,4,ER,True
0.1467799267622069,4,ER,True
0.1467799267622069,4,ER,True
0.1467799267622069,4,ER,True
0.1467799267622069,4,ER,True
0.1467799267622069,4,ER,True
0.1467799267622069,4,ER,True
0.1467799267622069,4,BA,True
0.1467799267622069,4,BA,True
0.1467799267622069,4,BA,True
0.1467799267622069,4,BA,True
0.1467799267622069,4,BA,True
0.1467799267622069,4,BA,True
0.1467799267622069,4,BA,True
0.1467799267622069,4,BA,True
0.1467799267622069,4,BA,True
0.1467799267622069,4,BA,True
0.1467799267622069,4,REG,True
0.1467799267622069,10,ER,True
0.1467799267622069,10,ER,True
0.1467799267622069,10,ER,True
0.1467799267622069,10,ER,True
0.1467799267622069,10,ER,True
0.1467799267622069,10,ER,True
0.1467799267622069,10,ER,True
0.1467799267622069,10,ER,True
0.1467799267622069,10,ER,True
0.1467799267622069,10,ER,True
0.1467799267622069,10,BA,True
0.1467799267622069,10,BA,True
0.1467799267622069,10,BA,True
0.1467799267622069,10,BA,True
0.1467799267622069,10,BA,True
0.1467799267622069,10,BA,True
0.1467799267622069,10,BA,True
0.1467799267622069,10,BA,True
0.1467799267622069,10,BA,True
0.1467799267622069,10,BA,True
0.1467799267622069,10,REG,True
0.1467799267622069,10,REG,True
0.1467799267622069,20,ER,True
0.1467799267622069,20,ER,True
0.1467799267622069,20,ER,True
0.1467799267622069,20,ER,True
0.1467799267622069,20,ER,True
0.1467799267622069,20,ER,True
0.1467799267622069,20,ER,True
0.1467799267622069,20,ER,True
0.1467799267622069,20,ER,True
0.1467799267622069,20,ER,True
0.1467799267622069,20,BA,True
0.1467799267622069,20,BA,True
0.1467799267622069,20,BA,True
0.1467799267622069,20,BA,True
0.1467799267622069,20,BA,True
0.1467799267622069,20,BA,True
0.1467799267622069,20,BA,True
0.1467799267622069,20,BA,True
0.1467799267622069,20,BA,True
0.1467799267622069,20,BA,True
0.1467799267622069,20,REG,True
0.1467799267622069,20,REG,True
0.1467799267622069,20,REG,True
0.1467799267622069,30,ER,True
0.1467799267622069,30,ER,True
0.1467799267622069,30,ER,True
0.1467799267622069,30,ER,True
0.1467799267622069,30,ER,True
0.1467799267622069,30,ER,True
0.1467799267622069,30,ER,True
0.1467799267622069,30,ER,True
0.1467799267622069,30,ER,True
0.1467799267622069,30,ER,True
0.1467799267622069,30,BA,True
0.1467799267622069,30,BA,True
0.1467799267622069,30,BA,True
0.1467799267622069,30,BA,True
0.1467799267622069,30,BA,True
0.1467799267622069,30,BA,True
0.1467799267622069,30,BA,True
0.1467799267622069,30,BA,True
0.1467799267622069,30,BA,True
0.1467799267622069,30,BA,True
0.1467799267622069,30,REG,True
0.1467799267622069,30,REG,False
0.1467799267622069,30,REG,True
0.1467799267622069,40,ER,True
0.1467799267622069,40,ER,True
0.1467799267622069,40,ER,True
0.1467799267622069,40,ER,True
0.1467799267622069,40,ER,True
0.1467799267622069,40,ER,True
0.1467799267622069,40,ER,True
0.1467799267622069,40,ER,True
0.1467799267622069,40,ER,True
0.1467799267622069,40,ER,True
0.1467799267622069,40,BA,True
0.1467799267622069,40,BA,True
0.1467799267622069,40,BA,True
0.1467799267622069,40,BA,True
0.1467799267622069,40,BA,True
0.1467799267622069,40,BA,True
0.1467799267622069,40,BA,True
0.1467799267622069,40,BA,True
0.1467799267622069,40,BA,True
0.1467799267622069,40,BA,True
0.1467799267622069,40,REG,True
0.1467799267622069,40,REG,False
0.1467799267622069,40,REG,True
0.1467799267622069,50,ER,True
0.1467799267622069,50,ER,True
0.1467799267622069,50,ER,True
0.1467799267622069,50,ER,True
0.1467799267622069,50,ER,True
0.1467799267622069,50,ER,True
0.1467799267622069,50,ER,True
0.1467799267622069,50,ER,True
0.1467799267622069,50,ER,True
0.1467799267622069,50,ER,True
0.1467799267622069,50,BA,True
0.1467799267622069,50,BA,True
0.1467799267622069,50,BA,True
0.1467799267622069,50,BA,True
0.1467799267622069,50,BA,True
0.1467799267622069,50,BA,True
0.1467799267622069,50,BA,True
0.1467799267622069,50,BA,True
0.1467799267622069,50,BA,True
0.1467799267622069,50,BA,True
0.1467799267622069,50,REG,True
0.1467799267622069,50,REG,True
0.1467799267622069,50,REG,False
0.21544346900318823,4,ER,True
0.21544346900318823,4,ER,True
0.21544346900318823,4,ER,True
0.21544346900318823,4,ER,True
0.21544346900318823,4,ER,True
0.21544346900318823,4,ER,True
0.21544346900318823,4,ER,True
0.21544346900318823,4,ER,True
0.21544346900318823,4,ER,True
0.21544346900318823,4,ER,True
0.21544346900318823,4,BA,True
0.21544346900318823,4,BA,True
0.21544346900318823,4,BA,True
0.21544346900318823,4,BA,True
0.21544346900318823,4,BA,True
0.21544346900318823,4,BA,True
0.21544346900318823,4,BA,True
0.21544346900318823,4,BA,True
0.21544346900318823,4,BA,True
0.21544346900318823,4,BA,True
0.21544346900318823,4,REG,True
0.21544346900318823,10,ER,True
0.21544346900318823,10,ER,True
0.21544346900318823,10,ER,True
0.21544346900318823,10,ER,True
0.21544346900318823,10,ER,True
0.21544346900318823,10,ER,True
0.21544346900318823,10,ER,True
0.21544346900318823,10,ER,True
0.21544346900318823,10,ER,True
0.21544346900318823,10,ER,True
0.21544346900318823,10,BA,True
0.21544346900318823,10,BA,True
0.21544346900318823,10,BA,True
0.21544346900318823,10,BA,True
0.21544346900318823,10,BA,True
0.21544346900318823,10,BA,True
0.21544346900318823,10,BA,True
0.21544346900318823,10,BA,True
0.21544346900318823,10,BA,True
0.21544346900318823,10,BA,True
0.21544346900318823,10,REG,True
0.21544346900318823,10,REG,True
0.21544346900318823,20,ER,True
0.21544346900318823,20,ER,True
0.21544346900318823,20,ER,True
0.21544346900318823,20,ER,True
0.21544346900318823,20,ER,True
0.21544346900318823,20,ER,True
0.21544346900318823,20,ER,True
0.21544346900318823,20,ER,True
0.21544346900318823,20,ER,True
0.21544346900318823,20,ER,True
0.21544346900318823,20,BA,True
0.21544346900318823,20,BA,True
0.21544346900318823,20,BA,True
0.21544346900318823,20,BA,True
0.21544346900318823,20,BA,True
0.21544346900318823,20,BA,True
0.21544346900318823,20,BA,True
0.21544346900318823,20,BA,True
0.21544346900318823,20,BA,True
0.21544346900318823,20,BA,True
0.21544346900318823,20,REG,True
0.21544346900318823,20,REG,True
0.21544346900318823,20,REG,True
0.21544346900318823,30,ER,True
0.21544346900318823,30,ER,True
0.21544346900318823,30,ER,True
0.21544346900318823,30,ER,True
0.21544346900318823,30,ER,True
0.21544346900318823,30,ER,True
0.21544346900318823,30,ER,True
0.21544346900318823,30,ER,True
0.21544346900318823,30,ER,True
0.21544346900318823,30,ER,True
0.21544346900318823,30,BA,True
0.21544346900318823,30,BA,True
0.21544346900318823,30,BA,True
0.21544346900318823,30,BA,True
0.21544346900318823,30,BA,True
0.21544346900318823,30,BA,True
0.21544346900318823,30,BA,True
0.21544346900318823,30,BA,True
0.21544346900318823,30,BA,True
0.21544346900318823,30,BA,True
0.21544346900318823,30,REG,True
0.21544346900318823,30,REG,False
0.21544346900318823,30,REG,True
0.21544346900318823,40,ER,True
0.21544346900318823,40,ER,True
0.21544346900318823,40,ER,True
0.21544346900318823,40,ER,True
0.21544346900318823,40,ER,True
0.21544346900318823,40,ER,True
0.21544346900318823,40,ER,True
0.21544346900318823,40,ER,True
0.21544346900318823,40,ER,True
0.21544346900318823,40,ER,True
0.21544346900318823,40,BA,True
0.21544346900318823,40,BA,True
0.21544346900318823,40,BA,True
0.21544346900318823,40,BA,True
0.21544346900318823,40,BA,True
0.21544346900318823,40,BA,True
0.21544346900318823,40,BA,True
0.21544346900318823,40,BA,True
0.21544346900318823,40,BA,True
0.21544346900318823,40,BA,True
0.21544346900318823,40,REG,True
0.21544346900318823,40,REG,False
0.21544346900318823,40,REG,True
0.21544346900318823,50,ER,True
0.21544346900318823,50,ER,True
0.21544346900318823,50,ER,True
0.21544346900318823,50,ER,True
0.21544346900318823,50,ER,True
0.21544346900318823,50,ER,True
0.21544346900318823,50,ER,True
0.21544346900318823,50,ER,True
0.21544346900318823,50,ER,True
0.21544346900318823,50,ER,True
0.21544346900318823,50,BA,True
0.21544346900318823,50,BA,True
0.21544346900318823,50,BA,True
0.21544346900318823,50,BA,True
0.21544346900318823,50,BA,True
0.21544346900318823,50,BA,True
0.21544346900318823,50,BA,True
0.21544346900318823,50,BA,True
0.21544346900318823,50,BA,True
0.21544346900318823,50,BA,True
0.21544346900318823,50,REG,True
0.21544346900318823,50,REG,True
0.21544346900318823,50,REG,False
0.31622776601683794,4,ER,True
0.31622776601683794,4,ER,True
0.31622776601683794,4,ER,True
0.31622776601683794,4,ER,True
0.31622776601683794,4,ER,True
0.31622776601683794,4,ER,True
0.31622776601683794,4,ER,True
0.31622776601683794,4,ER,True
0.31622776601683794,4,ER,True
0.31622776601683794,4,ER,True
0.31622776601683794,4,BA,True
0.31622776601683794,4,BA,True
0.31622776601683794,4,BA,True
0.31622776601683794,4,BA,True
0.31622776601683794,4,BA,True
0.31622776601683794,4,BA,True
0.31622776601683794,4,BA,True
0.31622776601683794,4,BA,True
0.31622776601683794,4,BA,True
0.31622776601683794,4,BA,True
0.31622776601683794,4,REG,True
0.31622776601683794,10,ER,True
0.31622776601683794,10,ER,True
0.31622776601683794,10,ER,True
0.31622776601683794,10,ER,True
0.31622776601683794,10,ER,True
0.31622776601683794,10,ER,True
0.31622776601683794,10,ER,True
0.31622776601683794,10,ER,True
0.31622776601683794,10,ER,True
0.31622776601683794,10,ER,True
0.31622776601683794,10,BA,True
0.31622776601683794,10,BA,True
0.31622776601683794,10,BA,True
0.31622776601683794,10,BA,True
0.31622776601683794,10,BA,True
0.31622776601683794,10,BA,True
0.31622776601683794,10,BA,True
0.31622776601683794,10,BA,True
0.31622776601683794,10,BA,True
0.31622776601683794,10,BA,True
0.31622776601683794,10,REG,True
0.31622776601683794,10,REG,True
0.31622776601683794,20,ER,True
0.31622776601683794,20,ER,True
0.31622776601683794,20,ER,True
0.31622776601683794,20,ER,True
0.31622776601683794,20,ER,True
0.31622776601683794,20,ER,True
0.31622776601683794,20,ER,True
0.31622776601683794,20,ER,True
0.31622776601683794,20,ER,True
0.31622776601683794,20,ER,True
0.31622776601683794,20,BA,True
0.31622776601683794,20,BA,True
0.31622776601683794,20,BA,True
0.31622776601683794,20,BA,True
0.31622776601683794,20,BA,True
0.31622776601683794,20,BA,True
0.31622776601683794,20,BA,True
0.31622776601683794,20,BA,True
0.31622776601683794,20,BA,True
0.31622776601683794,20,BA,True
0.31622776601683794,20,REG,True
0.31622776601683794,20,REG,True
0.31622776601683794,20,REG,True
0.31622776601683794,30,ER,True
0.31622776601683794,30,ER,True
0.31622776601683794,30,ER,True
0.31622776601683794,30,ER,True
0.31622776601683794,30,ER,True
0.31622776601683794,30,ER,True
0.31622776601683794,30,ER,True
0.31622776601683794,30,ER,True
0.31622776601683794,30,ER,True
0.31622776601683794,30,ER,True
0.31622776601683794,30,BA,True
0.31622776601683794,30,BA,True
0.31622776601683794,30,BA,True
0.31622776601683794,30,BA,True
0.31622776601683794,30,BA,True
0.31622776601683794,30,BA,True
0.31622776601683794,30,BA,True
0.31622776601683794,30,BA,True
0.31622776601683794,30,BA,True
0.31622776601683794,30,BA,True
0.31622776601683794,30,REG,True
0.31622776601683794,30,REG,False
0.31622776601683794,30,REG,True
0.31622776601683794,40,ER,True
0.31622776601683794,40,ER,True
0.31622776601683794,40,ER,True
0.31622776601683794,40,ER,True
0.31622776601683794,40,ER,True
0.31622776601683794,40,ER,True
0.31622776601683794,40,ER,True
0.31622776601683794,40,ER,True
0.31622776601683794,40,ER,True
0.31622776601683794,40,ER,True
0.31622776601683794,40,BA,True
0.31622776601683794,40,BA,True
0.31622776601683794,40,BA,True
0.31622776601683794,40,BA,True
0.31622776601683794,40,BA,True
0.31622776601683794,40,BA,True
0.31622776601683794,40,BA,True
0.31622776601683794,40,BA,True
0.31622776601683794,40,BA,True
0.31622776601683794,40,BA,True
0.31622776601683794,40,REG,True
0.31622776601683794,40,REG,False
0.31622776601683794,40,REG,True
0.31622776601683794,50,ER,True
0.31622776601683794,50,ER,True
0.31622776601683794,50,ER,True
0.31622776601683794,50,ER,True
0.31622776601683794,50,ER,True
0.31622776601683794,50,ER,True
0.31622776601683794,50,ER,False
0.31622776601683794,50,ER,True
0.31622776601683794,50,ER,True
0.31622776601683794,50,ER,True
0.31622776601683794,50,BA,True
0.31622776601683794,50,BA,True
0.31622776601683794,50,BA,True
0.31622776601683794,50,BA,True
0.31622776601683794,50,BA,True
0.31622776601683794,50,BA,True
0.31622776601683794,50,BA,True
0.31622776601683794,50,BA,True
0.31622776601683794,50,BA,True
0.31622776601683794,50,BA,True
0.31622776601683794,50,REG,True
0.31622776601683794,50,REG,True
0.31622776601683794,50,REG,False
0.46415888336127775,4,ER,True
0.46415888336127775,4,ER,True
0.46415888336127775,4,ER,True
0.46415888336127775,4,ER,True
0.46415888336127775,4,ER,True
0.46415888336127775,4,ER,True
0.46415888336127775,4,ER,True
0.46415888336127775,4,ER,True
0.46415888336127775,4,ER,True
0.46415888336127775,4,ER,True
0.46415888336127775,4,BA,True
0.46415888336127775,4,BA,True
0.46415888336127775,4,BA,True
0.46415888336127775,4,BA,True
0.46415888336127775,4,BA,True
0.46415888336127775,4,BA,True
0.46415888336127775,4,BA,True
0.46415888336127775,4,BA,True
0.46415888336127775,4,BA,True
0.46415888336127775,4,BA,True
0.46415888336127775,4,REG,True
0.46415888336127775,10,ER,True
0.46415888336127775,10,ER,True
0.46415888336127775,10,ER,True
0.46415888336127775,10,ER,True
0.46415888336127775,10,ER,True
0.46415888336127775,10,ER,True
0.46415888336127775,10,ER,True
0.46415888336127775,10,ER,True
0.46415888336127775,10,ER,True
0.46415888336127775,10,ER,True
0.46415888336127775,10,BA,True
0.46415888336127775,10,BA,True
0.46415888336127775,10,BA,True
0.46415888336127775,10,BA,True
0.46415888336127775,10,BA,True
0.46415888336127775,10,BA,True
0.46415888336127775,10,BA,True
0.46415888336127775,10,BA,True
0.46415888336127775,10,BA,True
0.46415888336127775,10,BA,True
0.46415888336127775,10,REG,True
0.46415888336127775,10,REG,True
0.46415888336127775,20,ER,True
0.46415888336127775,20,ER,True
0.46415888336127775,20,ER,True
0.46415888336127775,20,ER,True
0.46415888336127775,20,ER,True
0.46415888336127775,20,ER,True
0.46415888336127775,20,ER,True
0.46415888336127775,20,ER,True
0.46415888336127775,20,ER,True
0.46415888336127775,20,ER,True
0.46415888336127775,20,BA,True
0.46415888336127775,20,BA,True
0.46415888336127775,20,BA,True
0.46415888336127775,20,BA,True
0.46415888336127775,20,BA,True
0.46415888336127775,20,BA,True
0.46415888336127775,20,BA,True
0.46415888336127775,20,BA,True
0.46415888336127775,20,BA,True
0.46415888336127775,20,BA,True
0.46415888336127775,20,REG,True
0.46415888336127775,20,REG,True
0.46415888336127775,20,REG,True
0.46415888336127775,30,ER,True
0.46415888336127775,30,ER,True
0.46415888336127775,30,ER,True
0.46415888336127775,30,ER,True
0.46415888336127775,30,ER,True
0.46415888336127775,30,ER,True
0.46415888336127775,30,ER,True
0.46415888336127775,30,ER,True
0.46415888336127775,30,ER,False
0.46415888336127775,30,ER,True
0.46415888336127775,30,BA,True
0.46415888336127775,30,BA,True
0.46415888336127775,30,BA,True
0.46415888336127775,30,BA,True
0.46415888336127775,30,BA,True
0.46415888336127775,30,BA,True
0.46415888336127775,30,BA,True
0.46415888336127775,30,BA,True
0.46415888336127775,30,BA,True
0.46415888336127775,30,BA,True
0.46415888336127775,30,REG,True
0.46415888336127775,30,REG,False
0.46415888336127775,30,REG,True
0.46415888336127775,40,ER,True
0.46415888336127775,40,ER,True
0.46415888336127775,40,ER,True
0.46415888336127775,40,ER,True
0.46415888336127775,40,ER,True
0.46415888336127775,40,ER,True
0.46415888336127775,40,ER,True
0.46415888336127775,40,ER,True
0.46415888336127775,40,ER,True
0.46415888336127775,40,ER,True
0.46415888336127775,40,BA,True
0.46415888336127775,40,BA,True
0.46415888336127775,40,BA,True
0.46415888336127775,40,BA,True
0.46415888336127775,40,BA,True
0.46415888336127775,40,BA,True
0.46415888336127775,40,BA,True
0.46415888336127775,40,BA,True
0.46415888336127775,40,BA,True
0.46415888336127775,40,BA,True
0.46415888336127775,40,REG,True
0.46415888336127775,40,REG,False
0.46415888336127775,40,REG,True
0.46415888336127775,50,ER,True
0.46415888336127775,50,ER,True
0.46415888336127775,50,ER,True
0.46415888336127775,50,ER,True
0.46415888336127775,50,ER,True
0.46415888336127775,50,ER,True
0.46415888336127775,50,ER,False
0.46415888336127775,50,ER,True
0.46415888336127775,50,ER,True
0.46415888336127775,50,ER,True
0.46415888336127775,50,BA,True
0.46415888336127775,50,BA,True
0.46415888336127775,50,BA,True
0.46415888336127775,50,BA,True
0.46415888336127775,50,BA,True
0.46415888336127775,50,BA,True
0.46415888336127775,50,BA,True
0.46415888336127775,50,BA,True
0.46415888336127775,50,BA,True
0.46415888336127775,50,BA,True
0.46415888336127775,50,REG,True
0.46415888336127775,50,REG,True
0.46415888336127775,50,REG,False
0.6812920690579608,4,ER,True
0.6812920690579608,4,ER,True
0.6812920690579608,4,ER,True
0.6812920690579608,4,ER,True
0.6812920690579608,4,ER,True
0.6812920690579608,4,ER,True
0.6812920690579608,4,ER,True
0.6812920690579608,4,ER,True
0.6812920690579608,4,ER,True
0.6812920690579608,4,ER,True
0.6812920690579608,4,BA,True
0.6812920690579608,4,BA,True
0.6812920690579608,4,BA,True
0.6812920690579608,4,BA,True
0.6812920690579608,4,BA,True
0.6812920690579608,4,BA,True
0.6812920690579608,4,BA,True
0.6812920690579608,4,BA,True
0.6812920690579608,4,BA,True
0.6812920690579608,4,BA,True
0.6812920690579608,4,REG,True
0.6812920690579608,10,ER,True
0.6812920690579608,10,ER,True
0.6812920690579608,10,ER,True
0.6812920690579608,10,ER,True
0.6812920690579608,10,ER,True
0.6812920690579608,10,ER,True
0.6812920690579608,10,ER,True
0.6812920690579608,10,ER,True
0.6812920690579608,10,ER,True
0.6812920690579608,10,ER,True
0.6812920690579608,10,BA,True
0.6812920690579608,10,BA,True
0.6812920690579608,10,BA,True
0.6812920690579608,10,BA,True
0.6812920690579608,10,BA,True
0.6812920690579608,10,BA,True
0.6812920690579608,10,BA,True
0.6812920690579608,10,BA,True
0.6812920690579608,10,BA,True
0.6812920690579608,10,BA,True
0.6812920690579608,10,REG,True
0.6812920690579608,10,REG,True
0.6812920690579608,20,ER,True
0.6812920690579608,20,ER,True
0.6812920690579608,20,ER,True
0.6812920690579608,20,ER,True
0.6812920690579608,20,ER,True
0.6812920690579608,20,ER,True
0.6812920690579608,20,ER,True
0.6812920690579608,20,ER,True
0.6812920690579608,20,ER,True
0.6812920690579608,20,ER,True
0.6812920690579608,20,BA,True
0.6812920690579608,20,BA,True
0.6812920690579608,20,BA,True
0.6812920690579608,20,BA,True
0.6812920690579608,20,BA,True
0.6812920690579608,20,BA,True
0.6812920690579608,20,BA,True
0.6812920690579608,20,BA,True
0.6812920690579608,20,BA,True
0.6812920690579608,20,BA,True
0.6812920690579608,20,REG,True
0.6812920690579608,20,REG,True
0.6812920690579608,20,REG,True
0.6812920690579608,30,ER,True
0.6812920690579608,30,ER,True
0.6812920690579608,30,ER,True
0.6812920690579608,30,ER,True
0.6812920690579608,30,ER,True
0.6812920690579608,30,ER,True
0.6812920690579608,30,ER,True
0.6812920690579608,30,ER,True
0.6812920690579608,30,ER,False
0.6812920690579608,30,ER,True
0.6812920690579608,30,BA,True
0.6812920690579608,30,BA,True
0.6812920690579608,30,BA,True
0.6812920690579608,30,BA,True
0.6812920690579608,30,BA,True
0.6812920690579608,30,BA,True
0.6812920690579608,30,BA,True
0.6812920690579608,30,BA,True
0.6812920690579608,30,BA,True
0.6812920690579608,30,BA,True
0.6812920690579608,30,REG,True
0.6812920690579608,30,REG,False
0.6812920690579608,30,REG,True
0.6812920690579608,40,ER,True
0.6812920690579608,40,ER,True
0.6812920690579608,40,ER,True
0.6812920690579608,40,ER,True
0.6812920690579608,40,ER,True
0.6812920690579608,40,ER,True
0.6812920690579608,40,ER,True
0.6812920690579608,40,ER,True
0.6812920690579608,40,ER,True
0.6812920690579608,40,ER,True
0.6812920690579608,40,BA,True
0.6812920690579608,40,BA,True
0.6812920690579608,40,BA,True
0.6812920690579608,40,BA,True
0.6812920690579608,40,BA,True
0.6812920690579608,40,BA,True
0.6812920690579608,40,BA,True
0.6812920690579608,40,BA,True
0.6812920690579608,40,BA,True
0.6812920690579608,40,BA,True
0.6812920690579608,40,REG,True
0.6812920690579608,40,REG,False
0.6812920690579608,40,REG,True
0.6812920690579608,50,ER,True
0.6812920690579608,50,ER,True
0.6812920690579608,50,ER,True
0.6812920690579608,50,ER,True
0.6812920690579608,50,ER,True
0.6812920690579608,50,ER,True
0.6812920690579608,50,ER,False
0.6812920690579608,50,ER,True
0.6812920690579608,50,ER,True
0.6812920690579608,50,ER,True
0.6812920690579608,50,BA,True
0.6812920690579608,50,BA,True
0.6812920690579608,50,BA,True
0.6812920690579608,50,BA,True
0.6812920690579608,50,BA,True
0.6812920690579608,50,BA,True
0.6812920690579608,50,BA,True
0.6812920690579608,50,BA,True
0.6812920690579608,50,BA,True
0.6812920690579608,50,BA,True
0.6812920690579608,50,REG,True
0.6812920690579608,50,REG,True
0.6812920690579608,50,REG,False
1.0,4,ER,True
1.0,4,ER,True
1.0,4,ER,True
1.0,4,ER,True
1.0,4,ER,True
1.0,4,ER,True
1.0,4,ER,True
1.0,4,ER,True
1.0,4,ER,True
1.0,4,ER,True
1.0,4,BA,True
1.0,4,BA,True
1.0,4,BA,True
1.0,4,BA,True
1.0,4,BA,True
1.0,4,BA,True
1.0,4,BA,True
1.0,4,BA,True
1.0,4,BA,True
1.0,4,BA,True
1.0,4,REG,True
1.0,10,ER,True
1.0,10,ER,True
1.0,10,ER,True
1.0,10,ER,True
1.0,10,ER,True
1.0,10,ER,True
1.0,10,ER,True
1.0,10,ER,True
1.0,10,ER,True
1.0,10,ER,True
1.0,10,BA,True
1.0,10,BA,True
1.0,10,BA,True
1.0,10,BA,True
1.0,10,BA,True
1.0,10,BA,True
1.0,10,BA,True
1.0,10,BA,True
1.0,10,BA,True
1.0,10,BA,True
1.0,10,REG,True
1.0,10,REG,True
1.0,20,ER,True
1.0,20,ER,True
1.0,20,ER,True
1.0,20,ER,True
1.0,20,ER,True
1.0,20,ER,True
1.0,20,ER,True
1.0,20,ER,True
1.0,20,ER,True
1.0,20,ER,True
1.0,20,BA,True
1.0,20,BA,True
1.0,20,BA,True
1.0,20,BA,True
1.0,20,BA,True
1.0,20,BA,True
1.0,20,BA,True
1.0,20,BA,True
1.0,20,BA,True
1.0,20,BA,True
1.0,20,REG,True
1.0,20,REG,True
1.0,20,REG,True
1.0,30,ER,True
1.0,30,ER,False
1.0,30,ER,True
1.0,30,ER,True
1.0,30,ER,True
1.0,30,ER,True
1.0,30,ER,True
1.0,30,ER,True
1.0,30,ER,False
1.0,30,ER,True
1.0,30,BA,True
1.0,30,BA,True
1.0,30,BA,True
1.0,30,BA,True
1.0,30,BA,True
1.0,30,BA,True
1.0,30,BA,True
1.0,30,BA,True
1.0,30,BA,True
1.0,30,BA,True
1.0,30,REG,True
1.0,30,REG,False
1.0,30,REG,True
1.0,40,ER,True
1.0,40,ER,True
1.0,40,ER,True
1.0,40,ER,True
1.0,40,ER,True
1.0,40,ER,True
1.0,40,ER,True
1.0,40,ER,True
1.0,40,ER,True
1.0,40,ER,True
1.0,40,BA,True
1.0,40,BA,True
1.0,40,BA,True
1.0,40,BA,True
1.0,40,BA,True
1.0,40,BA,True
1.0,40,BA,True
1.0,40,BA,True
1.0,40,BA,False
1.0,40,BA,True
1.0,40,REG,True
1.0,40,REG,False
1.0,40,REG,True
1.0,50,ER,True
1.0,50,ER,True
1.0,50,ER,True
1.0,50,ER,True
1.0,50,ER,True
1.0,50,ER,False
1.0,50,ER,False
1.0,50,ER,True
1.0,50,ER,True
1.0,50,ER,True
1.0,50,BA,True
1.0,50,BA,True
1.0,50,BA,True
1.0,50,BA,True
1.0,50,BA,True
1.0,50,BA,True
1.0,50,BA,True
1.0,50,BA,True
1.0,50,BA,True
1.0,50,BA,True
1.0,50,REG,True
1.0,50,REG,True
1.0,50,REG,False
1.467799267622069,4,ER,True
1.467799267622069,4,ER,True
1.467799267622069,4,ER,True
1.467799267622069,4,ER,True
1.467799267622069,4,ER,True
1.467799267622069,4,ER,True
1.467799267622069,4,ER,True
1.467799267622069,4,ER,True
1.467799267622069,4,ER,True
1.467799267622069,4,ER,True
1.467799267622069,4,BA,True
1.467799267622069,4,BA,True
1.467799267622069,4,BA,True
1.467799267622069,4,BA,True
1.467799267622069,4,BA,True
1.467799267622069,4,BA,True
1.467799267622069,4,BA,True
1.467799267622069,4,BA,True
1.467799267622069,4,BA,True
1.467799267622069,4,BA,True
1.467799267622069,4,REG,True
1.467799267622069,10,ER,True
1.467799267622069,10,ER,True
1.467799267622069,10,ER,True
1.467799267622069,10,ER,True
1.467799267622069,10,ER,True
1.467799267622069,10,ER,True
1.467799267622069,10,ER,True
1.467799267622069,10,ER,True
1.467799267622069,10,ER,True
1.467799267622069,10,ER,True
1.467799267622069,10,BA,True
1.467799267622069,10,BA,True
1.467799267622069,10,BA,True
1.467799267622069,10,BA,True
1.467799267622069,10,BA,True
1.467799267622069,10,BA,True
1.467799267622069,10,BA,True
1.467799267622069,10,BA,True
1.467799267622069,10,BA,True
1.467799267622069,10,BA,True
1.467799267622069,10,REG,True
1.467799267622069,10,REG,True
1.467799267622069,20,ER,True
1.467799267622069,20,ER,True
1.467799267622069,20,ER,True
1.467799267622069,20,ER,True
1.467799267622069,20,ER,True
1.467799267622069,20,ER,True
1.467799267622069,20,ER,False
1.467799267622069,20,ER,True
1.467799267622069,20,ER,True
1.467799267622069,20,ER,True
1.467799267622069,20,BA,True
1.467799267622069,20,BA,True
1.467799267622069,20,BA,True
1.467799267622069,20,BA,True
1.467799267622069,20,BA,True
1.467799267622069,20,BA,True
1.467799267622069,20,BA,True
1.467799267622069,20,BA,True
1.467799267622069,20,BA,True
1.467799267622069,20,BA,True
1.467799267622069,20,REG,True
1.467799267622069,20,REG,True
1.467799267622069,20,REG,True
1.467799267622069,30,ER,True
1.467799267622069,30,ER,False
1.467799267622069,30,ER,True
1.467799267622069,30,ER,True
1.467799267622069,30,ER,True
1.467799267622069,30,ER,True
1.467799267622069,30,ER,True
1.467799267622069,30,ER,True
1.467799267622069,30,ER,False
1.467799267622069,30,ER,True
1.467799267622069,30,BA,True
1.467799267622069,30,BA,True
1.467799267622069,30,BA,True
1.467799267622069,30,BA,True
1.467799267622069,30,BA,True
1.467799267622069,30,BA,True
1.467799267622069,30,BA,True
1.467799267622069,30,BA,True
1.467799267622069,30,BA,True
1.467799267622069,30,BA,True
1.467799267622069,30,REG,True
1.467799267622069,30,REG,False
1.467799267622069,30,REG,False
1.467799267622069,40,ER,True
1.467799267622069,40,ER,True
1.467799267622069,40,ER,True
1.467799267622069,40,ER,True
1.467799267622069,40,ER,True
1.467799267622069,40,ER,True
1.467799267622069,40,ER,True
1.467799267622069,40,ER,True
1.467799267622069,40,ER,True
1.467799267622069,40,ER,True
1.467799267622069,40,BA,True
1.467799267622069,40,BA,True
1.467799267622069,40,BA,True
1.467799267622069,40,BA,True
1.467799267622069,40,BA,True
1.467799267622069,40,BA,True
1.467799267622069,40,BA,True
1.467799267622069,40,BA,True
1.467799267622069,40,BA,False
1.467799267622069,40,BA,True
1.467799267622069,40,REG,True
1.467799267622069,40,REG,False
1.467799267622069,40,REG,True
1.467799267622069,50,ER,True
1.467799267622069,50,ER,True
1.467799267622069,50,ER,True
1.467799267622069,50,ER,True
1.467799267622069,50,ER,True
1.467799267622069,50,ER,True
1.467799267622069,50,ER,False
1.467799267622069,50,ER,True
1.467799267622069,50,ER,False
1.467799267622069,50,ER,True
1.467799267622069,50,BA,True
1.467799267622069,50,BA,True
1.467799267622069,50,BA,True
1.467799267622069,50,BA,True
1.467799267622069,50,BA,True
1.467799267622069,50,BA,True
1.467799267622069,50,BA,True
1.467799267622069,50,BA,True
1.467799267622069,50,BA,True
1.467799267622069,50,BA,True
1.467799267622069,50,REG,True
1.467799267622069,50,REG,False
1.467799267622069,50,REG,False
2.154434690031882,4,ER,False
2.154434690031882,4,ER,True
2.154434690031882,4,ER,False
2.154434690031882,4,ER,False
2.154434690031882,4,ER,True
2.154434690031882,4,ER,False
2.154434690031882,4,ER,False
2.154434690031882,4,ER,True
2.154434690031882,4,ER,True
2.154434690031882,4,ER,True
2.154434690031882,4,BA,True
2.154434690031882,4,BA,True
2.154434690031882,4,BA,True
2.154434690031882,4,BA,True
2.154434690031882,4,BA,True
2.154434690031882,4,BA,True
2.154434690031882,4,BA,True
2.154434690031882,4,BA,True
2.154434690031882,4,BA,True
2.154434690031882,4,BA,False
2.154434690031882,4,REG,False
2.154434690031882,10,ER,False
2.154434690031882,10,ER,False
2.154434690031882,10,ER,False
2.154434690031882,10,ER,False
2.154434690031882,10,ER,False
2.154434690031882,10,ER,True
2.154434690031882,10,ER,False
2.154434690031882,10,ER,False
2.154434690031882,10,ER,False
2.154434690031882,10,ER,False
2.154434690031882,10,BA,False
2.154434690031882,10,BA,True
2.154434690031882,10,BA,False
2.154434690031882,10,BA,False
2.154434690031882,10,BA,True
2.154434690031882,10,BA,True
2.154434690031882,10,BA,True
2.154434690031882,10,BA,True
2.154434690031882,10,BA,False
2.154434690031882,10,BA,False
2.154434690031882,10,REG,False
2.154434690031882,10,REG,False
2.154434690031882,20,ER,False
2.154434690031882,20,ER,False
2.154434690031882,20,ER,False
2.154434690031882,20,ER,True
2.154434690031882,20,ER,False
2.154434690031882,20,ER,False
2.154434690031882,20,ER,True
2.154434690031882,20,ER,False
2.154434690031882,20,ER,False
2.154434690031882,20,ER,True
2.154434690031882,20,BA,False
2.154434690031882,20,BA,True
2.154434690031882,20,BA,True
2.154434690031882,20,BA,False
2.154434690031882,20,BA,False
2.154434690031882,20,BA,True
2.154434690031882,20,BA,False
2.154434690031882,20,BA,False
2.154434690031882,20,BA,True
2.154434690031882,20,BA,True
2.154434690031882,20,REG,False
2.154434690031882,20,REG,False
2.154434690031882,20,REG,False
2.154434690031882,30,ER,False
2.154434690031882,30,ER,True
2.154434690031882,30,ER,False
2.154434690031882,30,ER,False
2.154434690031882,30,ER,True
2.154434690031882,30,ER,True
2.154434690031882,30,ER,True
2.154434690031882,30,ER,True
2.154434690031882,30,ER,True
2.154434690031882,30,ER,False
2.154434690031882,30,BA,False
2.154434690031882,30,BA,False
2.154434690031882,30,BA,False
2.154434690031882,30,BA,False
2.154434690031882,30,BA,True
2.154434690031882,30,BA,False
2.154434690031882,30,BA,False
2.154434690031882,30,BA,False
2.154434690031882,30,BA,False
2.154434690031882,30,BA,False
2.154434690031882,30,REG,False
2.154434690031882,30,REG,False
2.154434690031882,30,REG,True
2.154434690031882,40,ER,True
2.154434690031882,40,ER,False
2.154434690031882,40,ER,False
2.154434690031882,40,ER,False
2.154434690031882,40,ER,True
2.154434690031882,40,ER,True
2.154434690031882,40,ER,True
2.154434690031882,40,ER,False
2.154434690031882,40,ER,False
2.154434690031882,40,ER,True
2.154434690031882,40,BA,False
2.154434690031882,40,BA,False
2.154434690031882,40,BA,False
2.154434690031882,40,BA,False
2.154434690031882,40,BA,True
2.154434690031882,40,BA,False
2.154434690031882,40,BA,True
2.154434690031882,40,BA,False
2.154434690031882,40,BA,True
2.154434690031882,40,BA,False
2.154434690031882,40,REG,False
2.154434690031882,40,REG,False
2.154434690031882,40,REG,True
2.154434690031882,50,ER,False
2.154434690031882,50,ER,False
2.154434690031882,50,ER,False
2.154434690031882,50,ER,False
2.154434690031882,50,ER,True
2.154434690031882,50,ER,True
2.154434690031882,50,ER,False
2.154434690031882,50,ER,False
2.154434690031882,50,ER,True
2.154434690031882,50,ER,True
2.154434690031882,50,BA,False
2.154434690031882,50,BA,False
2.154434690031882,50,BA,False
2.154434690031882,50,BA,False
2.154434690031882,50,BA,False
2.154434690031882,50,BA,False
2.154434690031882,50,BA,False
2.154434690031882,50,BA,False
2.154434690031882,50,BA,False
2.154434690031882,50,BA,False
2.154434690031882,50,REG,False
2.154434690031882,50,REG,False
2.154434690031882,50,REG,False
3.1622776601683795,4,ER,False
3.1622776601683795,4,ER,False
3.1622776601683795,4,ER,False
3.1622776601683795,4,ER,False
3.1622776601683795,4,ER,True
3.1622776601683795,4,ER,False
3.1622776601683795,4,ER,False
3.1622776601683795,4,ER,False
3.1622776601683795,4,ER,False
3.1622776601683795,4,ER,False
3.1622776601683795,4,BA,False
3.1622776601683795,4,BA,False
3.1622776601683795,4,BA,False
3.1622776601683795,4,BA,False
3.1622776601683795,4,BA,False
3.1622776601683795,4,BA,False
3.1622776601683795,4,BA,False
3.1622776601683795,4,BA,False
3.1622776601683795,4,BA,False
3.1622776601683795,4,BA,False
3.1622776601683795,4,REG,False
3.1622776601683795,10,ER,False
3.1622776601683795,10,ER,False
3.1622776601683795,10,ER,False
3.1622776601683795,10,ER,False
3.1622776601683795,10,ER,False
3.1622776601683795,10,ER,False
3.1622776601683795,10,ER,False
3.1622776601683795,10,ER,False
3.1622776601683795,10,ER,False
3.1622776601683795,10,ER,False
3.1622776601683795,10,BA,False
3.1622776601683795,10,BA,False
3.1622776601683795,10,BA,False
3.1622776601683795,10,BA,False
3.1622776601683795,10,BA,False
3.1622776601683795,10,BA,False
3.1622776601683795,10,BA,False
3.1622776601683795,10,BA,False
3.1622776601683795,10,BA,False
3.1622776601683795,10,BA,False
3.1622776601683795,10,REG,False
3.1622776601683795,10,REG,False
3.1622776601683795,20,ER,False
3.1622776601683795,20,ER,False
3.1622776601683795,20,ER,False
3.1622776601683795,20,ER,False
3.1622776601683795,20,ER,False
3.1622776601683795,20,ER,False
3.1622776601683795,20,ER,False
3.1622776601683795,20,ER,False
3.1622776601683795,20,ER,False
3.1622776601683795,20,ER,False
3.1622776601683795,20,BA,False
3.1622776601683795,20,BA,False
3.1622776601683795,20,BA,False
3.1622776601683795,20,BA,False
3.1622776601683795,20,BA,False
3.1622776601683795,20,BA,False
3.1622776601683795,20,BA,False
3.1622776601683795,20,BA,False
3.1622776601683795,20,BA,False
3.1622776601683795,20,BA,False
3.1622776601683795,20,REG,False
3.1622776601683795,20,REG,False
3.1622776601683795,20,REG,False
3.1622776601683795,30,ER,False
3.1622776601683795,30,ER,False
3.1622776601683795,30,ER,False
3.1622776601683795,30,ER,False
3.1622776601683795,30,ER,False
3.1622776601683795,30,ER,False
3.1622776601683795,30,ER,False
3.1622776601683795,30,ER,False
3.1622776601683795,30,ER,False
3.1622776601683795,30,ER,False
3.1622776601683795,30,BA,False
3.1622776601683795,30,BA,False
3.1622776601683795,30,BA,False
3.1622776601683795,30,BA,False
3.1622776601683795,30,BA,False
3.1622776601683795,30,BA,False
3.1622776601683795,30,BA,False
3.1622776601683795,30,BA,False
3.1622776601683795,30,BA,False
3.1622776601683795,30,BA,False
3.1622776601683795,30,REG,False
3.1622776601683795,30,REG,False
3.1622776601683795,30,REG,False
3.1622776601683795,40,ER,False
3.1622776601683795,40,ER,False
3.1622776601683795,40,ER,False
3.1622776601683795,40,ER,False
3.1622776601683795,40,ER,False
3.1622776601683795,40,ER,False
3.1622776601683795,40,ER,False
3.1622776601683795,40,ER,False
3.1622776601683795,40,ER,False
3.1622776601683795,40,ER,False
3.1622776601683795,40,BA,False
3.1622776601683795,40,BA,False
3.1622776601683795,40,BA,False
3.1622776601683795,40,BA,False
3.1622776601683795,40,BA,False
3.1622776601683795,40,BA,False
3.1622776601683795,40,BA,False
3.1622776601683795,40,BA,False
3.1622776601683795,40,BA,False
3.1622776601683795,40,BA,False
3.1622776601683795,40,REG,False
3.1622776601683795,40,REG,False
3.1622776601683795,40,REG,False
3.1622776601683795,50,ER,False
3.1622776601683795,50,ER,False
3.1622776601683795,50,ER,False
3.1622776601683795,50,ER,False
3.1622776601683795,50,ER,False
3.1622776601683795,50,ER,False
3.1622776601683795,50,ER,False
3.1622776601683795,50,ER,False
3.1622776601683795,50,ER,False
3.1622776601683795,50,ER,False
3.1622776601683795,50,BA,False
3.1622776601683795,50,BA,False
3.1622776601683795,50,BA,False
3.1622776601683795,50,BA,False
3.1622776601683795,50,BA,False
3.1622776601683795,50,BA,False
3.1622776601683795,50,BA,False
3.1622776601683795,50,BA,False
3.1622776601683795,50,BA,False
3.1622776601683795,50,BA,False
3.1622776601683795,50,REG,False
3.1622776601683795,50,REG,False
3.1622776601683795,50,REG,False
4.6415888336127775,4,ER,True
4.6415888336127775,4,ER,False
4.6415888336127775,4,ER,True
4.6415888336127775,4,ER,True
4.6415888336127775,4,ER,True
4.6415888336127775,4,ER,True
4.6415888336127775,4,ER,True
4.6415888336127775,4,ER,False
4.6415888336127775,4,ER,False
4.6415888336127775,4,ER,False
4.6415888336127775,4,BA,False
4.6415888336127775,4,BA,False
4.6415888336127775,4,BA,False
4.6415888336127775,4,BA,False
4.6415888336127775,4,BA,False
4.6415888336127775,4,BA,False
4.6415888336127775,4,BA,False
4.6415888336127775,4,BA,False
4.6415888336127775,4,BA,False
4.6415888336127775,4,BA,True
4.6415888336127775,4,REG,True
4.6415888336127775,10,ER,False
4.6415888336127775,10,ER,False
4.6415888336127775,10,ER,False
4.6415888336127775,10,ER,True
4.6415888336127775,10,ER,False
4.6415888336127775,10,ER,False
4.6415888336127775,10,ER,False
4.6415888336127775,10,ER,False
4.6415888336127775,10,ER,False
4.6415888336127775,10,ER,False
4.6415888336127775,10,BA,False
4.6415888336127775,10,BA,False
4.6415888336127775,10,BA,False
4.6415888336127775,10,BA,False
4.6415888336127775,10,BA,False
4.6415888336127775,10,BA,False
4.6415888336127775,10,BA,False
4.6415888336127775,10,BA,False
4.6415888336127775,10,BA,False
4.6415888336127775,10,BA,False
4.6415888336127775,10,REG,False
4.6415888336127775,10,REG,False
4.6415888336127775,20,ER,False
4.6415888336127775,20,ER,False
4.6415888336127775,20,ER,False
4.6415888336127775,20,ER,False
4.6415888336127775,20,ER,False
4.6415888336127775,20,ER,False
4.6415888336127775,20,ER,False
4.6415888336127775,20,ER,False
4.6415888336127775,20,ER,False
4.6415888336127775,20,ER,False
4.6415888336127775,20,BA,False
4.6415888336127775,20,BA,False
4.6415888336127775,20,BA,False
4.6415888336127775,20,BA,False
4.6415888336127775,20,BA,False
4.6415888336127775,20,BA,False
4.6415888336127775,20,BA,False
4.6415888336127775,20,BA,False
4.6415888336127775,20,BA,False
4.6415888336127775,20,BA,False
4.6415888336127775,20,REG,False
4.6415888336127775,20,REG,False
4.6415888336127775,20,REG,False
4.6415888336127775,30,ER,False
4.6415888336127775,30,ER,False
4.6415888336127775,30,ER,False
4.6415888336127775,30,ER,False
4.6415888336127775,30,ER,False
4.6415888336127775,30,ER,False
4.6415888336127775,30,ER,False
4.6415888336127775,30,ER,False
4.6415888336127775,30,ER,False
4.6415888336127775,30,ER,False
4.6415888336127775,30,BA,False
4.6415888336127775,30,BA,False
4.6415888336127775,30,BA,False
4.6415888336127775,30,BA,False
4.6415888336127775,30,BA,False
4.6415888336127775,30,BA,False
4.6415888336127775,30,BA,False
4.6415888336127775,30,BA,False
4.6415888336127775,30,BA,False
4.6415888336127775,30,BA,False
4.6415888336127775,30,REG,False
4.6415888336127775,30,REG,False
4.6415888336127775,30,REG,False
4.6415888336127775,40,ER,False
4.6415888336127775,40,ER,False
4.6415888336127775,40,ER,False
4.6415888336127775,40,ER,False
4.6415888336127775,40,ER,False
4.6415888336127775,40,ER,False
4.6415888336127775,40,ER,False
4.6415888336127775,40,ER,False
4.6415888336127775,40,ER,False
4.6415888336127775,40,ER,False
4.6415888336127775,40,BA,False
4.6415888336127775,40,BA,False
4.6415888336127775,40,BA,False
4.6415888336127775,40,BA,False
4.6415888336127775,40,BA,False
4.6415888336127775,40,BA,False
4.6415888336127775,40,BA,False
4.6415888336127775,40,BA,False
4.6415888336127775,40,BA,False
4.6415888336127775,40,BA,False
4.6415888336127775,40,REG,False
4.6415888336127775,40,REG,False
4.6415888336127775,40,REG,False
4.6415888336127775,50,ER,False
4.6415888336127775,50,ER,False
4.6415888336127775,50,ER,False
4.6415888336127775,50,ER,False
4.6415888336127775,50,ER,False
4.6415888336127775,50,ER,False
4.6415888336127775,50,ER,False
4.6415888336127775,50,ER,False
4.6415888336127775,50,ER,False
4.6415888336127775,50,ER,False
4.6415888336127775,50,BA,False
4.6415888336127775,50,BA,False
4.6415888336127775,50,BA,False
4.6415888336127775,50,BA,False
4.6415888336127775,50,BA,False
4.6415888336127775,50,BA,False
4.6415888336127775,50,BA,False
4.6415888336127775,50,BA,False
4.6415888336127775,50,BA,False
4.6415888336127775,50,BA,False
4.6415888336127775,50,REG,False
4.6415888336127775,50,REG,False
4.6415888336127775,50,REG,False
6.812920690579608,4,ER,True
6.812920690579608,4,ER,True
6.812920690579608,4,ER,True
6.812920690579608,4,ER,True
6.812920690579608,4,ER,True
6.812920690579608,4,ER,True
6.812920690579608,4,ER,True
6.812920690579608,4,ER,True
6.812920690579608,4,ER,True
6.812920690579608,4,ER,True
6.812920690579608,4,BA,True
6.812920690579608,4,BA,True
6.812920690579608,4,BA,True
6.812920690579608,4,BA,True
6.812920690579608,4,BA,True
6.812920690579608,4,BA,True
6.812920690579608,4,BA,True
6.812920690579608,4,BA,True
6.812920690579608,4,BA,True
6.812920690579608,4,BA,True
6.812920690579608,4,REG,True
6.812920690579608,10,ER,False
6.812920690579608,10,ER,True
6.812920690579608,10,ER,False
6.812920690579608,10,ER,True
6.812920690579608,10,ER,False
6.812920690579608,10,ER,True
6.812920690579608,10,ER,False
6.812920690579608,10,ER,False
6.812920690579608,10,ER,True
6.812920690579608,10,ER,False
6.812920690579608,10,BA,False
6.812920690579608,10,BA,False
6.812920690579608,10,BA,False
6.812920690579608,10,BA,False
6.812920690579608,10,BA,False
6.812920690579608,10,BA,True
6.812920690579608,10,BA,False
6.812920690579608,10,BA,False
6.812920690579608,10,BA,False
6.812920690579608,10,BA,False
6.812920690579608,10,REG,True
6.812920690579608,10,REG,True
6.812920690579608,20,ER,False
6.812920690579608,20,ER,False
6.812920690579608,20,ER,True
6.812920690579608,20,ER,False
6.812920690579608,20,ER,True
6.812920690579608,20,ER,False
6.812920690579608,20,ER,False
6.812920690579608,20,ER,False
6.812920690579608,20,ER,False
6.812920690579608,20,ER,False
6.812920690579608,20,BA,False
6.812920690579608,20,BA,False
6.812920690579608,20,BA,False
6.812920690579608,20,BA,False
6.812920690579608,20,BA,False
6.812920690579608,20,BA,False
6.812920690579608,20,BA,False
6.812920690579608,20,BA,False
6.812920690579608,20,BA,False
6.812920690579608,20,BA,False
6.812920690579608,20,REG,False
6.812920690579608,20,REG,False
6.812920690579608,20,REG,False
6.812920690579608,30,ER,False
6.812920690579608,30,ER,False
6.812920690579608,30,ER,False
6.812920690579608,30,ER,False
6.812920690579608,30,ER,False
6.812920690579608,30,ER,False
6.812920690579608,30,ER,False
6.812920690579608,30,ER,False
6.812920690579608,30,ER,False
6.812920690579608,30,ER,False
6.812920690579608,30,BA,False
6.812920690579608,30,BA,False
6.812920690579608,30,BA,False
6.812920690579608,30,BA,False
6.812920690579608,30,BA,False
6.812920690579608,30,BA,False
6.812920690579608,30,BA,False
6.812920690579608,30,BA,False
6.812920690579608,30,BA,False
6.812920690579608,30,BA,False
6.812920690579608,30,REG,True
6.812920690579608,30,REG,False
6.812920690579608,30,REG,False
6.812920690579608,40,ER,False
6.812920690579608,40,ER,False
6.812920690579608,40,ER,False
6.812920690579608,40,ER,False
6.812920690579608,40,ER,False
6.812920690579608,40,ER,False
6.812920690579608,40,ER,False
6.812920690579608,40,ER,False
6.812920690579608,40,ER,False
6.812920690579608,40,ER,False
6.812920690579608,40,BA,False
6.812920690579608,40,BA,False
6.812920690579608,40,BA,False
6.812920690579608,40,BA,False
6.812920690579608,40,BA,False
6.812920690579608,40,BA,False
6.812920690579608,40,BA,False
6.812920690579608,40,BA,False
6.812920690579608,40,BA,False
6.812920690579608,40,BA,False
6.812920690579608,40,REG,False
6.812920690579608,40,REG,False
6.812920690579608,40,REG,False
6.812920690579608,50,ER,False
6.812920690579608,50,ER,False
6.812920690579608,50,ER,False
6.812920690579608,50,ER,False
6.812920690579608,50,ER,False
6.812920690579608,50,ER,False
6.812920690579608,50,ER,False
6.812920690579608,50,ER,False
6.812920690579608,50,ER,False
6.812920690579608,50,ER,False
6.812920690579608,50,BA,False
6.812920690579608,50,BA,False
6.812920690579608,50,BA,False
6.812920690579608,50,BA,False
6.812920690579608,50,BA,False
6.812920690579608,50,BA,False
6.812920690579608,50,BA,False
6.812920690579608,50,BA,False
6.812920690579608,50,BA,False
6.812920690579608,50,BA,False
6.812920690579608,50,REG,True
6.812920690579608,50,REG,False
6.812920690579608,50,REG,False
10.0,4,ER,False
10.0,4,ER,False
10.0,4,ER,False
10.0,4,ER,False
10.0,4,ER,True
10.0,4,ER,False
10.0,4,ER,False
10.0,4,ER,False
10.0,4,ER,False
10.0,4,ER,False
10.0,4,BA,False
10.0,4,BA,False
10.0,4,BA,False
10.0,4,BA,False
10.0,4,BA,False
10.0,4,BA,False
10.0,4,BA,False
10.0,4,BA,False
10.0,4,BA,False
10.0,4,BA,False
10.0,4,REG,False
10.0,10,ER,False
10.0,10,ER,False
10.0,10,ER,False
10.0,10,ER,False
10.0,10,ER,False
10.0,10,ER,False
10.0,10,ER,False
10.0,10,ER,False
10.0,10,ER,False
10.0,10,ER,False
10.0,10,BA,False
10.0,10,BA,False
10.0,10,BA,False
10.0,10,BA,False
10.0,10,BA,False
10.0,10,BA,False
10.0,10,BA,False
10.0,10,BA,False
10.0,10,BA,False
10.0,10,BA,False
10.0,10,REG,False
10.0,10,REG,False
10.0,20,ER,False
10.0,20,ER,False
10.0,20,ER,False
10.0,20,ER,False
10.0,20,ER,False
10.0,20,ER,False
10.0,20,ER,False
10.0,20,ER,False
10.0,20,ER,False
10.0,20,ER,False
10.0,20,BA,False
10.0,20,BA,False
10.0,20,BA,True
10.0,20,BA,False
10.0,20,BA,False
10.0,20,BA,False
10.0,20,BA,False
10.0,20,BA,False
10.0,20,BA,False
10.0,20,BA,False
10.0,20,REG,False
10.0,20,REG,False
10.0,20,REG,False
10.0,30,ER,False
10.0,30,ER,False
10.0,30,ER,False
10.0,30,ER,False
10.0,30,ER,False
10.0,30,ER,False
10.0,30,ER,False
10.0,30,ER,False
10.0,30,ER,False
10.0,30,ER,False
10.0,30,BA,False
10.0,30,BA,False
10.0,30,BA,False
10.0,30,BA,False
10.0,30,BA,False
10.0,30,BA,False
10.0,30,BA,False
10.0,30,BA,False
10.0,30,BA,False
10.0,30,BA,False
10.0,30,REG,False
10.0,30,REG,False
10.0,30,REG,False
10.0,40,ER,False
10.0,40,ER,False
10.0,40,ER,False
10.0,40,ER,False
10.0,40,ER,False
10.0,40,ER,False
10.0,40,ER,False
10.0,40,ER,False
10.0,40,ER,False
10.0,40,ER,False
10.0,40,BA,False
10.0,40,BA,False
10.0,40,BA,False
10.0,40,BA,False
10.0,40,BA,False
10.0,40,BA,False
10.0,40,BA,False
10.0,40,BA,False
10.0,40,BA,False
10.0,40,BA,False
10.0,40,REG,False
10.0,40,REG,False
10.0,40,REG,False
10.0,50,ER,False
10.0,50,ER,False
10.0,50,ER,False
10.0,50,ER,False
10.0,50,ER,False
10.0,50,ER,False
10.0,50,ER,False
10.0,50,ER,False
10.0,50,ER,False
10.0,50,ER,False
10.0,50,BA,False
10.0,50,BA,False
10.0,50,BA,False
10.0,50,BA,False
10.0,50,BA,False
10.0,50,BA,False
10.0,50,BA,False
10.0,50,BA,False
10.0,50,BA,False
10.0,50,BA,False
10.0,50,REG,False
10.0,50,REG,False
10.0,50,REG,False
