graph_type,param,V,E,vbs_size,sp_size,sp_ratio,sp_valid,sp_time,dg_size,dg_ratio,dg_valid,dg_time,sa_size,sa_ratio,sa_valid,sa_time,sp_lt_dg,sp_eq_dg,sp_gt_dg
BA,2.0,1000,1997,460,460,1.0,True,0.0010752059752121568,473,1.0282608695652173,True,0.0011739620240405202,510,1.108695652173913,True,0.03707601095084101,1,0,0
BA,2.0,1000,1997,443,443,1.0,True,0.0009095430141314864,451,1.018058690744921,True,0.0009721199749037623,539,1.216704288939052,True,0.03615012508817017,1,0,0
BA,2.0,1000,1997,451,451,1.0,True,0.001107682939618826,463,1.0266075388026608,True,0.0009696059860289097,533,1.1818181818181819,True,0.036959025892429054,1,0,0
BA,2.0,1000,1997,460,460,1.0,True,0.000863029039464891,467,1.0152173913043478,True,0.0009759620297700167,495,1.076086956521739,True,0.036299097002483904,1,0,0
BA,2.0,1000,1997,459,459,1.0,True,0.00087301607709378,468,1.0196078431372548,True,0.0010522290831431746,469,1.0217864923747277,True,0.03531503304839134,1,0,0
BA,5.0,1000,4985,607,607,1.0,True,0.002113955095410347,626,1.031301482701812,True,0.0017872379394248128,626,1.031301482701812,True,0.10225503495894372,1,0,0
BA,5.0,1000,4985,609,609,1.0,True,0.002995421993546188,621,1.019704433497537,True,0.0025765850441530347,680,1.116584564860427,True,0.12454313307534903,1,0,0
BA,5.0,1000,4985,604,604,1.0,True,0.0025703690480440855,620,1.0264900662251655,True,0.002512051025405526,674,1.1158940397350994,True,0.11700027494225651,1,0,0
BA,5.0,1000,4985,601,601,1.0,True,0.002296102000400424,612,1.0183028286189684,True,0.001990337041206658,612,1.0183028286189684,True,0.1083254290279001,1,0,0
BA,5.0,1000,4985,607,607,1.0,True,0.0025402670726180077,612,1.0082372322899507,True,0.0025751179782673717,624,1.028006589785832,True,0.10932408994995058,1,0,0
BA,2.0,2000,3997,908,908,1.0,True,0.0016319809947162867,925,1.0187224669603525,True,0.003102210001088679,1037,1.1420704845814977,True,0.11122887092642486,1,0,0
BA,2.0,2000,3997,897,897,1.0,True,0.0016494409646838903,915,1.020066889632107,True,0.0030336950439959764,1049,1.169453734671126,True,0.10932576702907681,1,0,0
BA,2.0,2000,3997,895,895,1.0,True,0.001628489000722766,914,1.0212290502793295,True,0.0034038539743050933,986,1.1016759776536313,True,0.10435634898021817,1,0,0
BA,2.0,2000,3997,901,901,1.0,True,0.001964844996109605,922,1.02330743618202,True,0.0032116520451381803,942,1.0455049944506105,True,0.1027407810324803,1,0,0
BA,2.0,2000,3997,903,903,1.0,True,0.0015845589805394411,930,1.0299003322259137,True,0.002973143942654133,1033,1.1439645625692136,True,0.103887784993276,1,0,0
BA,5.0,2000,9985,1210,1210,1.0,True,0.004309137002564967,1239,1.0239669421487603,True,0.0051264900248497725,1239,1.0239669421487603,True,0.21491020498797297,1,0,0
BA,5.0,2000,9985,1204,1204,1.0,True,0.0042954490054398775,1223,1.01578073089701,True,0.005004685954190791,1412,1.1727574750830565,True,0.23189029598142952,1,0,0
BA,5.0,2000,9985,1206,1206,1.0,True,0.00414570898283273,1230,1.0199004975124377,True,0.004921434912830591,1239,1.027363184079602,True,0.22846772405318916,1,0,0
BA,5.0,2000,9985,1220,1220,1.0,True,0.004509720951318741,1238,1.0147540983606558,True,0.005492527969181538,1238,1.0147540983606558,True,0.26026331493631005,1,0,0
BA,5.0,2000,9985,1200,1200,1.0,True,0.005302769015543163,1223,1.0191666666666668,True,0.006928185001015663,1411,1.1758333333333333,True,0.27808038401417434,1,0,0
BA,2.0,5000,9997,2237,2237,1.0,True,0.0040675560012459755,2295,1.0259275815824764,True,0.016262611956335604,2428,1.085382208314707,True,0.32333152706269175,1,0,0
BA,2.0,5000,9997,2224,2224,1.0,True,0.004362217034213245,2280,1.025179856115108,True,0.016186274937354028,2366,1.0638489208633093,True,0.3057723819511011,1,0,0
BA,2.0,5000,9997,2238,2238,1.0,True,0.004151086090132594,2291,1.0236818588025023,True,0.01635612896643579,2472,1.1045576407506703,True,0.316724332049489,1,0,0
BA,2.0,5000,9997,2259,2259,1.0,True,0.005383924930356443,2320,1.0270030987162462,True,0.0182512030005455,2507,1.1097830898627712,True,0.3217704340349883,1,0,0
BA,2.0,5000,9997,2246,2246,1.0,True,0.0039185150526463985,2303,1.0253784505788068,True,0.0164349100086838,2355,1.0485307212822796,True,0.4391080429777503,1,0,0
BA,5.0,5000,24985,2999,2999,1.0,True,0.012474699993617833,3086,1.0290096698899633,True,0.025767730083316565,3251,1.0840280093364454,True,0.8548249149462208,1,0,0
BA,5.0,5000,24985,3021,3021,1.0,True,0.01205732801463455,3078,1.0188679245283019,True,0.0254985619103536,3078,1.0188679245283019,True,0.8073996839812025,1,0,0
BA,5.0,5000,24985,3026,3026,1.0,True,0.012096020975150168,3072,1.0152015862524786,True,0.026119939982891083,3083,1.018836748182419,True,0.8019249660428613,1,0,0
BA,5.0,5000,24985,3037,3037,1.0,True,0.013750071986578405,3095,1.019097793875535,True,0.026117215980775654,3303,1.0875864339809023,True,0.9808254960225895,1,0,0
BA,5.0,5000,24985,3031,3031,1.0,True,0.012963170069269836,3103,1.023754536456615,True,0.027359692030586302,3108,1.0254041570438799,True,0.9680581609718502,1,0,0
BA,2.0,10000,19997,4509,4509,1.0,True,0.009453646023757756,4644,1.029940119760479,True,0.07196096098050475,4644,1.029940119760479,True,0.7659229739801958,1,0,0
BA,2.0,10000,19997,4540,4540,1.0,True,0.009790699928998947,4640,1.0220264317180616,True,0.06777348800096661,4678,1.0303964757709252,True,0.7764336670516059,1,0,0
BA,2.0,10000,19997,4521,4521,1.0,True,0.022988466080278158,4616,1.0210130502101304,True,0.06600838899612427,4616,1.0210130502101304,True,0.667876293999143,1,0,0
BA,2.0,10000,19997,4501,4501,1.0,True,0.010004553012549877,4605,1.023105976449678,True,0.06640641402918845,4843,1.0759831148633636,True,0.6971237269463018,1,0,0
BA,2.0,10000,19997,4526,4526,1.0,True,0.008683505933731794,4618,1.0203269995581088,True,0.0667758050840348,4759,1.051480335837384,True,0.7162786750122905,1,0,0
BA,5.0,10000,49985,6029,6029,1.0,True,0.03327119804453105,6153,1.020567258251783,True,0.10422393097542226,6187,1.0262066677724333,True,2.452420069021173,1,0,0
BA,5.0,10000,49985,6017,6017,1.0,True,0.03856565593741834,6148,1.021771647000166,True,0.109720648964867,6153,1.0226026258933023,True,2.3422687099082395,1,0,0
BA,5.0,10000,49985,6031,6031,1.0,True,0.04230872995685786,6154,1.020394627756591,True,0.12122427602298558,6248,1.0359807660421156,True,2.843402653001249,1,0,0
BA,5.0,10000,49985,6016,6016,1.0,True,0.03276310197543353,6143,1.0211103723404256,True,0.10697176598478109,6206,1.0315824468085106,True,2.6503370539285243,1,0,0
BA,5.0,10000,49985,5998,5998,1.0,True,0.03520964190829545,6124,1.0210070023341113,True,0.10254592401906848,6147,1.0248416138712904,True,2.487199419992976,1,0,0
BA,2.0,20000,39997,8973,8973,1.0,True,0.022316802060231566,9172,1.0221776440432409,True,0.29398429207503796,9180,1.0230692076228687,True,2.1095334040001035,1,0,0
BA,2.0,20000,39997,9058,9058,1.0,True,0.02308373001869768,9262,1.0225215279311106,True,0.3072483369614929,9270,1.0234047251048797,True,2.032934352988377,1,0,0
BA,2.0,20000,39997,9068,9068,1.0,True,0.02389018703252077,9272,1.0224966916629907,True,0.2942129510920495,9303,1.0259153065725628,True,2.1492242730455473,1,0,0
BA,2.0,20000,39997,9021,9021,1.0,True,0.02583407994825393,9199,1.019731737057976,True,0.3015185589902103,9404,1.0424564904112625,True,2.0506442160112783,1,0,0
BA,2.0,20000,39997,9056,9056,1.0,True,0.023650632007047534,9268,1.0234098939929328,True,0.2909003789536655,9434,1.0417402826855124,True,1.9898390009766445,1,0,0
BA,5.0,20000,99985,12055,12055,1.0,True,0.07117433904204518,12315,1.0215678141849855,True,0.4319278009934351,12462,1.0337619245126504,True,4.7306434189667925,1,0,0
BA,5.0,20000,99985,12034,12034,1.0,True,0.07550310203805566,12276,1.0201096892138939,True,0.42378088494297117,12279,1.020358982881835,True,4.730781635036692,1,0,0
BA,5.0,20000,99985,12055,12055,1.0,True,0.07653472700621933,12322,1.0221484861053505,True,0.44486282498110086,12339,1.0235586893405226,True,4.699618596001528,1,0,0
BA,5.0,20000,99985,12072,12072,1.0,True,0.07452064391691238,12356,1.0235255135851558,True,0.43876379495486617,12505,1.0358681245858183,True,4.598064488032833,1,0,0
BA,5.0,20000,99985,12063,12063,1.0,True,0.06970816105604172,12338,1.022796982508497,True,0.4218037490500137,12393,1.0273563790101965,True,4.599525567959063,1,0,0
BA,2.0,50000,99997,22480,22480,1.0,True,0.08530818799044937,23004,1.0233096085409252,True,2.013598095974885,23193,1.031717081850534,True,8.021201367024332,1,0,0
BA,2.0,50000,99997,22525,22525,1.0,True,0.08393433992750943,23015,1.0217536071032187,True,1.9972739550285041,23045,1.023085460599334,True,8.144348653033376,1,0,0
BA,2.0,50000,99997,22511,22511,1.0,True,0.12262396502774209,23023,1.022744436053485,True,2.071625094045885,23052,1.0240326951268268,True,7.505651975050569,1,0,0
BA,2.0,50000,99997,22524,22524,1.0,True,0.09655898995697498,23050,1.0233528680518558,True,2.056372946011834,23081,1.0247291777659386,True,8.3223216899205,1,0,0
BA,2.0,50000,99997,22560,22560,1.0,True,0.09646121202968061,23027,1.0207003546099291,True,2.0594543440965936,23074,1.0227836879432624,True,7.8153639630181715,1,0,0
BA,5.0,50000,249985,30147,30147,1.0,True,0.2805841949302703,30786,1.0211961389192954,True,2.9167958500329405,30886,1.0245132185623778,True,17.931840986013412,1,0,0
BA,5.0,50000,249985,30135,30135,1.0,True,0.24783072993159294,30764,1.0208727393396384,True,2.8458138529676944,30879,1.024688899950224,True,17.444632066995837,1,0,0
BA,5.0,50000,249985,30025,30025,1.0,True,0.2391336050350219,30700,1.02248126561199,True,2.8069563310127705,30730,1.023480432972523,True,17.777187671978027,1,0,0
BA,5.0,50000,249985,30138,30138,1.0,True,0.2585225210059434,30790,1.021633817771584,True,2.91619765793439,30820,1.0226292388346938,True,17.307092380011454,1,0,0
BA,5.0,50000,249985,30125,30125,1.0,True,0.2882088359910995,30734,1.0202157676348547,True,2.8886756550054997,30841,1.0237676348547717,True,18.300132695934735,1,0,0
BA,2.0,100000,199997,45045,45045,1.0,True,0.25097267993260175,46088,1.0231546231546231,True,8.222157074022107,46096,1.0233322233322233,True,21.724185333936475,1,0,0
BA,2.0,100000,199997,45094,45094,1.0,True,0.2567260640207678,46099,1.0222867787288774,True,8.302101592998952,46103,1.0223754823258082,True,21.818950938992202,1,0,0
BA,2.0,100000,199997,45069,45069,1.0,True,0.21397049096412957,46107,1.0230313519270453,True,8.190824043005705,46135,1.0236526215358672,True,20.250190105987713,1,0,0
BA,2.0,100000,199997,44905,44905,1.0,True,0.2042302859481424,45920,1.0226032735775525,True,8.057403034996241,45964,1.0235831199198309,True,20.604448258993216,1,0,0
BA,2.0,100000,199997,45035,45035,1.0,True,0.31925894191954285,46049,1.0225158210280894,True,8.558858177973889,46311,1.0283335183745976,True,23.09783903893549,1,0,0
BA,5.0,100000,499985,60320,60320,1.0,True,0.6484199110418558,61626,1.0216511936339523,True,11.382984498050064,61762,1.0239058355437667,True,39.779211109969765,1,0,0
BA,5.0,100000,499985,60103,60103,1.0,True,0.7122372399317101,61448,1.0223782506696837,True,11.112138553056866,61619,1.0252233665540822,True,39.121106309001334,1,0,0
BA,5.0,100000,499985,60225,60225,1.0,True,0.6313604100141674,61578,1.0224657534246575,True,11.198961040005088,61632,1.0233623910336238,True,38.63442504196428,1,0,0
BA,5.0,100000,499985,60236,60236,1.0,True,0.6670388969359919,61571,1.0221628262168803,True,11.22711950703524,61634,1.0232087123979017,True,39.854935468989424,1,0,0
BA,5.0,100000,499985,60262,60262,1.0,True,0.6558591250795871,61536,1.0211410175566693,True,11.179374751984142,61539,1.0211908001725798,True,38.83688638708554,1,0,0
ER,0.01,1000,4994,709,709,1.0,True,0.0027159180026501417,722,1.0183356840620592,True,0.0022628570441156626,839,1.1833568406205923,True,0.1118239889619872,1,0,0
ER,0.01,1000,4980,700,700,1.0,True,0.002077638986520469,721,1.03,True,0.00208483194001019,827,1.1814285714285715,True,0.11388451606035233,1,0,0
ER,0.01,1000,4867,692,692,1.0,True,0.001924616051837802,714,1.0317919075144508,True,0.0021539750741794705,725,1.0476878612716762,True,0.10150291409809142,1,0,0
ER,0.01,1000,4838,688,688,1.0,True,0.002016248065046966,718,1.0436046511627908,True,0.003473556018434465,765,1.1119186046511629,True,0.1153657790273428,1,0,0
ER,0.01,1000,4948,696,696,1.0,True,0.0019684770377352834,716,1.028735632183908,True,0.0021282730158418417,776,1.1149425287356323,True,0.10587937803938985,1,0,0
ER,0.015,1000,7527,757,757,1.0,True,0.0030159559100866318,787,1.0396301188903567,True,0.0027487429324537516,787,1.0396301188903567,True,0.15085960598662496,1,0,0
ER,0.015,1000,7347,765,765,1.0,True,0.0030598860466852784,781,1.0209150326797385,True,0.003123721107840538,826,1.0797385620915032,True,0.16141038900241256,1,0,0
ER,0.015,1000,7503,766,766,1.0,True,0.0030617020092904568,787,1.0274151436031331,True,0.002844636095687747,882,1.1514360313315928,True,0.15896363893989474,1,0,0
ER,0.015,1000,7505,761,761,1.0,True,0.0030686160316690803,789,1.0367936925098555,True,0.002928655012510717,855,1.123521681997372,True,0.15293996792752296,1,0,0
ER,0.015,1000,7448,767,767,1.0,True,0.003079931018874049,782,1.0195567144719686,True,0.002707327948883176,885,1.1538461538461537,True,0.1599465849576518,1,0,0
ER,0.01,2000,20022,1608,1608,1.0,True,0.009555544005706906,1640,1.0199004975124377,True,0.009692364023067057,1662,1.0335820895522387,True,0.4497225909726694,1,0,0
ER,0.01,2000,20199,1605,1605,1.0,True,0.009240978979505599,1653,1.0299065420560747,True,0.009939181967638433,1699,1.0585669781931464,True,0.4876050589373335,1,0,0
ER,0.01,2000,19988,1607,1607,1.0,True,0.011833487078547478,1654,1.029247044181705,True,0.009918927913531661,1655,1.029869321717486,True,0.4871112809050828,1,0,0
ER,0.01,2000,19789,1604,1604,1.0,True,0.009691664017736912,1644,1.0249376558603491,True,0.011678509996272624,1656,1.032418952618454,True,0.4725929549895227,1,0,0
ER,0.01,2000,20076,1608,1608,1.0,True,0.00952872505877167,1643,1.0217661691542288,True,0.00992961402516812,1643,1.0217661691542288,True,0.47970691800583154,1,0,0
ER,0.0075,2000,14629,1515,1515,1.0,True,0.006482249009422958,1562,1.031023102310231,True,0.007861753110773861,1646,1.0864686468646865,True,0.342305516009219,1,0,0
ER,0.0075,2000,14912,1524,1524,1.0,True,0.006323498906567693,1567,1.0282152230971129,True,0.007974267937242985,1572,1.031496062992126,True,0.3500445589888841,1,0,0
ER,0.0075,2000,15207,1527,1527,1.0,True,0.006581492023542523,1562,1.022920759659463,True,0.00799326493870467,1562,1.022920759659463,True,0.3914115480147302,1,0,0
ER,0.0075,2000,15086,1529,1529,1.0,True,0.007532172021456063,1565,1.0235448005232177,True,0.008199017029255629,1675,1.0954872465663832,True,0.40629521396476775,1,0,0
ER,0.0075,2000,15220,1528,1528,1.0,True,0.006692262017168105,1571,1.0281413612565444,True,0.008237080997787416,1585,1.037303664921466,True,0.37804329895880073,1,0,0
ER,0.003,5000,37104,3811,3811,1.0,True,0.022982810041867197,3917,1.0278142219889792,True,0.052781009930185974,4118,1.0805562844397796,True,1.2455080889631063,1,0,0
ER,0.003,5000,37625,3823,3823,1.0,True,0.025101025006733835,3927,1.027203766675386,True,0.05227934010326862,4053,1.060162176301334,True,1.1829453880200163,1,0,0
ER,0.003,5000,37314,3814,3814,1.0,True,0.0282219530781731,3905,1.023859465128474,True,0.0484440759755671,4049,1.0616151022548506,True,1.3619344069156796,1,0,0
ER,0.003,5000,37187,3817,3817,1.0,True,0.02372207900043577,3913,1.0251506418653393,True,0.05114546697586775,3913,1.0251506418653393,True,1.1587518100859597,1,0,0
ER,0.003,5000,37294,3808,3808,1.0,True,0.024634415982291102,3904,1.0252100840336134,True,0.049277631915174425,4012,1.0535714285714286,True,1.2613572400296107,1,0,0
ER,0.003,5000,37694,3835,3835,1.0,True,0.024118218920193613,3944,1.0284224250325946,True,0.050915619009174407,4026,1.0498044328552802,True,1.3669791829306632,1,0,0
ER,0.003,5000,37527,3802,3802,1.0,True,0.02704526693560183,3907,1.0276170436612309,True,0.05281523196026683,3945,1.037611783271962,True,1.29192935093306,1,0,0
ER,0.003,5000,37565,3816,3816,1.0,True,0.02448963501956314,3909,1.02437106918239,True,0.05195073701906949,3909,1.02437106918239,True,1.343660507001914,1,0,0
ER,0.003,5000,37163,3816,3816,1.0,True,0.02461360301822424,3915,1.025943396226415,True,0.05065022292546928,3931,1.0301362683438156,True,1.1720491709420457,1,0,0
ER,0.003,5000,37068,3814,3814,1.0,True,0.023653703974559903,3907,1.0243838489774515,True,0.04808439302723855,3964,1.039328788673309,True,1.2163302180124447,1,0,0
ER,0.0015,10000,74787,7624,7624,1.0,True,0.05477008898742497,7812,1.0246589716684156,True,0.202504089102149,7932,1.040398740818468,True,3.2833558450220153,1,0,0
ER,0.0015,10000,75040,7616,7616,1.0,True,0.058080007089301944,7819,1.0266544117647058,True,0.2064905590377748,7819,1.0266544117647058,True,2.934682340011932,1,0,0
ER,0.0015,10000,75141,7627,7627,1.0,True,0.05856421706266701,7865,1.0312049298544643,True,0.21316689695231616,7906,1.0365805690310739,True,3.1279867970151827,1,0,0
ER,0.0015,10000,74906,7604,7604,1.0,True,0.056793182040564716,7826,1.0291951604418728,True,0.20614470599684864,7841,1.0311678064176748,True,3.145234170020558,1,0,0
ER,0.0015,10000,75193,7642,7642,1.0,True,0.059140268014743924,7831,1.0247317456163307,True,0.20313440694008023,7867,1.0294425543051557,True,3.0398321570828557,1,0,0
ER,0.0015,10000,75032,7630,7630,1.0,True,0.06079403997864574,7840,1.0275229357798166,True,0.20003960002213717,7935,1.0399737876802098,True,3.2006267549004406,1,0,0
ER,0.0015,10000,74940,7619,7619,1.0,True,0.058133505983278155,7852,1.030581441134007,True,0.19934537797234952,7975,1.0467252920330752,True,3.1298188030486926,1,0,0
ER,0.0015,10000,75408,7628,7628,1.0,True,0.058915588073432446,7843,1.028185631882538,True,0.20320969598833472,7974,1.0453592029365495,True,3.1310686130309477,1,0,0
ER,0.0015,10000,75056,7620,7620,1.0,True,0.05559219105634838,7846,1.0296587926509186,True,0.1991218860493973,7993,1.0489501312335958,True,3.2496554030803964,1,0,0
ER,0.0015,10000,75074,7644,7644,1.0,True,0.06385734700597823,7876,1.0303506017791733,True,0.20908802608028054,7876,1.0303506017791733,True,3.048252710956149,1,0,0
ER,0.0008,20000,150205,15262,15262,1.0,True,0.12623929895926267,15663,1.026274407023981,True,0.8395238779485226,15910,1.042458393395361,True,6.931900213006884,1,0,0
ER,0.0008,20000,150693,15286,15286,1.0,True,0.11785338597837836,15676,1.025513541802957,True,0.8190835000714287,15687,1.0262331545204761,True,6.542271921993233,1,0,0
ER,0.0008,20000,150206,15228,15228,1.0,True,0.14082222804427147,15657,1.0281717888100868,True,0.8254079769831151,15938,1.0466246388232203,True,7.074294566991739,1,0,0
ER,0.0008,20000,150606,15265,15265,1.0,True,0.12599282898008823,15709,1.0290861447756305,True,0.8416611609281972,15858,1.0388470357025876,True,7.04202538204845,1,0,0
ER,0.0008,20000,150189,15220,15220,1.0,True,0.1224835840985179,15650,1.028252299605782,True,0.822785087977536,15771,1.0362023653088042,True,7.242746073985472,1,0,0
ER,0.0008,20000,150068,15236,15236,1.0,True,0.1253371590282768,15632,1.0259910737726436,True,0.819116955040954,15644,1.0267786820687845,True,6.2616043370217085,1,0,0
ER,0.0008,20000,150681,15261,15261,1.0,True,0.1160927569726482,15695,1.028438503374615,True,0.8324015350081027,15928,1.043706179149466,True,6.776159608969465,1,0,0
ER,0.0008,20000,150130,15237,15237,1.0,True,0.11761445901356637,15670,1.028417667519853,True,0.8137030689977109,15698,1.0302552995996588,True,6.66276537894737,1,0,0
ER,0.0008,20000,150124,15242,15242,1.0,True,0.13267181999981403,15665,1.0277522634824827,True,0.8382157509913668,15697,1.0298517254953419,True,6.683012713911012,1,0,0
ER,0.0008,20000,150377,15266,15266,1.0,True,0.1209393929457292,15703,1.0286257041792217,True,0.8309528169920668,15710,1.0290842394864406,True,6.975199850043282,1,0,0
ER,0.0003,50000,374214,38137,38137,1.0,True,0.3664311380125582,39230,1.0286598316595432,True,5.128240111051127,39403,1.0331961087657655,True,27.309771560016088,1,0,0
ER,0.0003,50000,375748,38101,38101,1.0,True,0.36169324594084173,39213,1.029185585680166,True,5.168529100017622,39266,1.0305766252854256,True,25.2631350470474,1,0,0
ER,0.0003,50000,375366,38122,38122,1.0,True,0.39801657700445503,39203,1.0283563296784008,True,5.135671711992472,39242,1.0293793609988984,True,25.137008400983177,1,0,0
ER,0.0003,50000,375930,38150,38150,1.0,True,0.35398234997410327,39222,1.028099606815203,True,5.068075619987212,39239,1.0285452162516382,True,24.161751142004505,1,0,0
ER,0.0003,50000,374876,38120,38120,1.0,True,0.3672276079887524,39161,1.027308499475341,True,5.087316753924824,39161,1.027308499475341,True,24.09854988299776,1,0,0
ER,0.0003,50000,374777,38169,38169,1.0,True,0.3737442890414968,39181,1.0265136629201708,True,5.11680883995723,39276,1.0290025937278944,True,24.667650284944102,1,0,0
ER,0.0003,50000,375238,38126,38126,1.0,True,0.35322415200062096,39180,1.0276451765199601,True,5.112891791970469,39391,1.0331794575879978,True,25.294103647000156,1,0,0
ER,0.0003,50000,374209,38129,38129,1.0,True,0.3650183890713379,39194,1.0279314957119252,True,5.162836197996512,39315,1.0311049332529045,True,24.095262174960226,1,0,0
ER,0.0003,50000,375740,38102,38102,1.0,True,0.38374765496701,39139,1.0272164190856123,True,5.1212779129855335,39156,1.0276625898902945,True,24.96393403003458,1,0,0
ER,0.0003,50000,374890,38105,38105,1.0,True,0.35923364595510066,39197,1.028657656475528,True,5.118556407978758,39218,1.0292087652539037,True,23.810814569937065,1,0,0
ER,0.0001,100000,751061,76290,76290,1.0,True,0.9661131510511041,78419,1.0279066719098178,True,20.28900963405613,78679,1.0313147201468083,True,63.40652295900509,1,0,0
ER,0.0001,100000,749359,76212,76212,1.0,True,1.8493692630436271,78386,1.0285256914921534,True,20.43624496809207,78652,1.0320159554925734,True,64.01455903600436,1,0,0
ER,0.0001,100000,749821,76204,76204,1.0,True,0.9464244060218334,78440,1.0293422917432156,True,20.47171288309619,78440,1.0293422917432156,True,57.35276158794295,1,0,0
ER,0.0001,100000,749703,76226,76226,1.0,True,0.9469959168927744,78354,1.0279169837063469,True,20.135665145004168,78519,1.0300815994542545,True,63.76016106107272,1,0,0
ER,0.0001,100000,750115,76227,76227,1.0,True,0.9555150170344859,78359,1.027969092316371,True,20.42923967796378,78359,1.027969092316371,True,63.90317651396617,1,0,0
ER,0.0001,100000,751204,76268,76268,1.0,True,1.0117392010288313,78433,1.0283867414905334,True,20.305432880995795,78646,1.0311795248334819,True,61.72394710103981,1,0,0
ER,0.0001,100000,749903,76229,76229,1.0,True,1.0558732319623232,78340,1.027692872791195,True,20.247047177981585,78371,1.028099542168991,True,62.40183213900309,1,0,0
ER,0.0001,100000,748945,76234,76234,1.0,True,0.9695695959962904,78332,1.027520528897867,True,20.43808521493338,78343,1.027664821470735,True,62.24578137008939,1,0,0
ER,0.0001,100000,748689,76175,76175,1.0,True,0.9746203779941425,78340,1.0284213980964882,True,20.374071632977575,78497,1.0304824417459797,True,61.21152841299772,1,0,0
ER,0.0001,100000,750012,76282,76282,1.0,True,1.4414577829884365,78344,1.02703127867649,True,20.31923728901893,78347,1.0270706064340211,True,58.77151033899281,1,0,0
REG,3.0,1000,1500,564,564,1.0,True,0.0008266409859061241,623,1.1046099290780143,True,0.001014515059068799,680,1.2056737588652482,True,0.03522738197352737,1,0,0
REG,3.0,1000,1500,565,565,1.0,True,0.0007193650817498565,613,1.0849557522123894,True,0.0009311240864917636,639,1.1309734513274337,True,0.032720708986744285,1,0,0
REG,3.0,1000,1500,563,563,1.0,True,0.0008809779537841678,612,1.0870337477797514,True,0.001097066910006106,748,1.3285968028419184,True,0.034242619993165135,1,0,0
REG,3.0,1000,1500,565,565,1.0,True,0.0007257910910993814,609,1.0778761061946902,True,0.000980081968009472,740,1.3097345132743363,True,0.033511940971948206,1,0,0
REG,3.0,1000,1500,565,565,1.0,True,0.0008207049686461687,618,1.0938053097345133,True,0.0010945519898086786,638,1.129203539823009,True,0.03437573800329119,1,0,0
REG,4.0,1000,2000,602,602,1.0,True,0.0008421459933742881,652,1.0830564784053156,True,0.0011146659962832928,652,1.0830564784053156,True,0.03892422094941139,1,0,0
REG,4.0,1000,2000,610,610,1.0,True,0.0008457779185846448,660,1.0819672131147542,True,0.0011900250101462007,672,1.1016393442622952,True,0.03880374401342124,1,0,0
REG,4.0,1000,2000,604,604,1.0,True,0.0008242669282481074,654,1.0827814569536425,True,0.0011255620047450066,773,1.2798013245033113,True,0.03861803701147437,1,0,0
REG,4.0,1000,2000,607,607,1.0,True,0.0008252440020442009,660,1.0873146622734762,True,0.0011771050048992038,737,1.2141680395387149,True,0.03885207499843091,1,0,0
REG,4.0,1000,2000,603,603,1.0,True,0.0008267810335382819,661,1.0961857379767828,True,0.001101955072954297,692,1.1475953565505805,True,0.039848291082307696,1,0,0
REG,3.0,2000,3000,1126,1126,1.0,True,0.0011896060314029455,1226,1.088809946714032,True,0.0031251879408955574,1298,1.152753108348135,True,0.0895099799381569,1,0,0
REG,3.0,2000,3000,1121,1121,1.0,True,0.00135359400883317,1231,1.0981266726137378,True,0.0030904070008546114,1241,1.1070472792149866,True,0.2084839689778164,1,0,0
REG,3.0,2000,3000,1123,1123,1.0,True,0.001392075908370316,1236,1.1006233303650934,True,0.003288756008259952,1237,1.101513802315227,True,0.0893029699800536,1,0,0
REG,3.0,2000,3000,1123,1123,1.0,True,0.0011986159952357411,1241,1.1050756901157615,True,0.003358807065524161,1261,1.1228851291184327,True,0.08613496890757233,1,0,0
REG,3.0,2000,3000,1121,1121,1.0,True,0.0012102100299671292,1243,1.1088314005352364,True,0.0032245019683614373,1398,1.247100802854594,True,0.09139548405073583,1,0,0
REG,4.0,2000,4000,1209,1209,1.0,True,0.0015313400654122233,1306,1.0802315963606286,True,0.00361295894253999,1440,1.1910669975186103,True,0.11334778601303697,1,0,0
REG,4.0,2000,4000,1215,1215,1.0,True,0.0015196070307865739,1323,1.0888888888888888,True,0.003784558968618512,1394,1.1473251028806584,True,0.1127216590102762,1,0,0
REG,4.0,2000,4000,1213,1213,1.0,True,0.0016409900272265077,1313,1.0824402308326464,True,0.00379992404486984,1317,1.085737840065952,True,0.1052633780054748,1,0,0
REG,4.0,2000,4000,1209,1209,1.0,True,0.0016216449439525604,1316,1.088502894954508,True,0.0038959559751674533,1327,1.097601323407775,True,0.1067315109539777,1,0,0
REG,4.0,2000,4000,1201,1201,1.0,True,0.001515137031674385,1316,1.0957535387177353,True,0.0037721280241385102,1498,1.2472939217318901,True,0.11154595098923892,1,0,0
REG,3.0,5000,7500,2822,2822,1.0,True,0.003444363013841212,3072,1.0885896527285612,True,0.020548771019093692,3076,1.0900070871722183,True,0.26769296103157103,1,0,0
REG,3.0,5000,7500,2818,2818,1.0,True,0.003118203952908516,3101,1.1004258339247694,True,0.021029767929576337,3237,1.1486870120652946,True,0.2711218890035525,1,0,0
REG,3.0,5000,7500,2806,2806,1.0,True,0.0034491809783503413,3091,1.101568068424804,True,0.02054821199271828,3140,1.1190306486101211,True,0.2515440509887412,1,0,0
REG,3.0,5000,7500,2805,2805,1.0,True,0.003018190967850387,3085,1.0998217468805704,True,0.02064117102418095,3100,1.1051693404634582,True,0.2553980319062248,1,0,0
REG,3.0,5000,7500,2805,2805,1.0,True,0.0032411240972578526,3113,1.1098039215686275,True,0.020657722954638302,3164,1.1279857397504456,True,0.25729939190205187,1,0,0
REG,4.0,5000,10000,3016,3016,1.0,True,0.003946101991459727,3286,1.089522546419098,True,0.02386392594780773,3465,1.148872679045093,True,0.326113305054605,1,0,0
REG,4.0,5000,10000,3014,3014,1.0,True,0.003938977955840528,3265,1.0832780358327803,True,0.02399173704907298,3387,1.123755806237558,True,0.3337647661101073,1,0,0
REG,4.0,5000,10000,3014,3014,1.0,True,0.004066577996127307,3264,1.0829462508294625,True,0.023942428990267217,3382,1.1220968812209688,True,0.3282391340471804,1,0,0
REG,4.0,5000,10000,3017,3017,1.0,True,0.004194876062683761,3282,1.0878355982764336,True,0.023934955010190606,3282,1.0878355982764336,True,0.31647485902067274,1,0,0
REG,4.0,5000,10000,3023,3023,1.0,True,0.003850769018754363,3284,1.086338074760172,True,0.02362709492444992,3346,1.1068475024809792,True,0.3343357889680192,1,0,0
REG,3.0,10000,15000,5612,5612,1.0,True,0.007537550991401076,6187,1.1024590163934427,True,0.0908789379755035,6190,1.1029935851746258,True,0.8085564650828019,1,0,0
REG,3.0,10000,15000,5608,5608,1.0,True,0.006763359997421503,6179,1.1018188302425107,True,0.09205157402902842,6437,1.1478245363766049,True,0.7118770680390298,1,0,0
REG,3.0,10000,15000,5621,5621,1.0,True,0.006651054020039737,6171,1.0978473581213308,True,0.09088222100399435,6172,1.098025262408824,True,0.7894738010363653,1,0,0
REG,3.0,10000,15000,5622,5622,1.0,True,0.011158681008964777,6172,1.0978299537531129,True,0.09928915498312563,6173,1.0980078263963002,True,0.7408718140795827,1,0,0
REG,3.0,10000,15000,5610,5610,1.0,True,0.007541949977166951,6182,1.1019607843137256,True,0.09365617705043405,6182,1.1019607843137256,True,0.6904066710267216,1,0,0
REG,4.0,10000,20000,6052,6052,1.0,True,0.012477423995733261,6536,1.0799735624586912,True,0.10598553705494851,6761,1.117151354923992,True,1.2231700529810041,1,0,0
REG,4.0,10000,20000,6039,6039,1.0,True,0.01088860398158431,6546,1.0839542970690512,True,0.10888562595937401,6563,1.086769332670972,True,1.0030913840746507,1,0,0
REG,4.0,10000,20000,6047,6047,1.0,True,0.01115833199582994,6525,1.0790474615511825,True,0.10552877595182508,6525,1.0790474615511825,True,0.9484222159953788,1,0,0
REG,4.0,10000,20000,6051,6051,1.0,True,0.009668547078035772,6555,1.0832920178482894,True,0.10837843897752464,6831,1.1289043133366385,True,0.9502445840043947,1,0,0
REG,4.0,10000,20000,6044,6044,1.0,True,0.009518248960375786,6553,1.0842157511581734,True,0.10566489608027041,6576,1.0880211780277962,True,0.9010690610157326,1,0,0
REG,3.0,20000,30000,11231,11231,1.0,True,0.01863826299086213,12357,1.1002582138723176,True,0.430789946927689,12390,1.1031965096607603,True,1.7986522729042917,1,0,0
REG,3.0,20000,30000,11241,11241,1.0,True,0.02666183898691088,12355,1.0991015034249623,True,0.4352194200037047,12401,1.1031936660439463,True,1.8933955290121958,1,0,0
REG,3.0,20000,30000,11209,11209,1.0,True,0.017074796021915972,12352,1.1019716299402267,True,0.42452413693536073,12480,1.1133910250691408,True,1.8343018449377269,1,0,0
REG,3.0,20000,30000,11236,11236,1.0,True,0.01920935499947518,12381,1.1019045923816304,True,0.42357485298998654,12381,1.1019045923816304,True,2.0004008889663965,1,0,0
REG,3.0,20000,30000,11252,11252,1.0,True,0.019733933033421636,12338,1.0965161749022396,True,0.4405370660824701,12344,1.0970494134376112,True,1.874416021979414,1,0,0
REG,4.0,20000,40000,12077,12077,1.0,True,0.027382250991649926,13114,1.085865695122961,True,0.4959188950015232,13153,1.0890949739173637,True,2.260327010997571,1,0,0
REG,4.0,20000,40000,12058,12058,1.0,True,0.029300721012987196,13132,1.0890694974290926,True,0.49453415104653686,13212,1.0957040968651517,True,2.6599241660442203,1,0,0
REG,4.0,20000,40000,12086,12086,1.0,True,0.02838852407876402,13103,1.0841469468806884,True,0.5020731689874083,13368,1.1060731424789012,True,2.513431455940008,1,0,0
REG,4.0,20000,40000,12084,12084,1.0,True,0.028164893039502203,13113,1.0851539225422047,True,0.5076835879590362,13129,1.0864779874213837,True,2.387028797995299,1,0,0
REG,4.0,20000,40000,12087,12087,1.0,True,0.02969392796512693,13063,1.0807479109787375,True,0.4971155551029369,13075,1.0817407131629022,True,2.3666155899409205,1,0,0
REG,3.0,50000,75000,28073,28073,1.0,True,0.06841812294442207,30857,1.0991700210166353,True,2.8545978609472513,30898,1.1006304990560325,True,7.05344010097906,1,0,0
REG,3.0,50000,75000,28090,28090,1.0,True,0.077582205994986,30943,1.101566393734425,True,2.8366547289770097,31232,1.1118547525809896,True,7.093501129071228,1,0,0
REG,3.0,50000,75000,28084,28084,1.0,True,0.07398426299914718,30857,1.0987394957983194,True,2.8451173959765583,30857,1.0987394957983194,True,6.735343666980043,1,0,0
REG,3.0,50000,75000,28089,28089,1.0,True,0.06638685904908925,30822,1.0972978746128377,True,2.8086497029289603,31090,1.106838976111645,True,7.235167806968093,1,0,0
REG,3.0,50000,75000,28084,28084,1.0,True,0.07736555894371122,30831,1.0978137017518872,True,2.8333533309632912,30865,1.0990243555049137,True,6.718910503084771,1,0,0
REG,4.0,50000,100000,30193,30193,1.0,True,0.08125858195126057,32770,1.0853509091511278,True,3.2759785109665245,32870,1.0886629351174113,True,8.551354849943891,1,0,0
REG,4.0,50000,100000,30245,30245,1.0,True,0.08577905897982419,32797,1.084377583071582,True,3.2874443529872224,32912,1.0881798644404033,True,8.743489255080931,1,0,0
REG,4.0,50000,100000,30178,30178,1.0,True,0.0894366460852325,32717,1.0841341374511233,True,3.3034026669338346,32891,1.0898999270992114,True,8.82803184306249,1,0,0
REG,4.0,50000,100000,30206,30206,1.0,True,0.0941566590918228,32747,1.084122359796067,True,3.330801330972463,32752,1.084287889823214,True,8.428227677941322,1,0,0
REG,4.0,50000,100000,30190,30190,1.0,True,0.0971656310139224,32735,1.0842994368996357,True,3.2917347729671746,32774,1.085591255382577,True,8.311251987004653,1,0,0
REG,3.0,100000,150000,56167,56167,1.0,True,0.2041853789705783,61807,1.1004148343333273,True,11.463528185035102,61892,1.1019281784677837,True,20.27215819095727,1,0,0
REG,3.0,100000,150000,56114,56114,1.0,True,0.16644398891367018,61728,1.1000463342481377,True,11.37570913194213,61834,1.1019353459029833,True,19.87023043190129,1,0,0
REG,3.0,100000,150000,56154,56154,1.0,True,0.15289296593982726,61772,1.1000463012430104,True,11.082541843992658,61772,1.1000463012430104,True,18.928499569999985,1,0,0
REG,3.0,100000,150000,56131,56131,1.0,True,0.16440008499193937,61740,1.099926956583706,True,11.218039093073457,61740,1.099926956583706,True,18.963673382997513,1,0,0
REG,3.0,100000,150000,56185,56185,1.0,True,0.14526210795156658,61813,1.1001690842751624,True,11.23502358503174,61819,1.100275874343686,True,18.99228253599722,1,0,0
REG,4.0,100000,200000,60393,60393,1.0,True,0.22044407902285457,65540,1.0852251088702334,True,13.038437076029368,65663,1.0872617687480337,True,23.565533326007426,1,0,0
REG,4.0,100000,200000,60388,60388,1.0,True,0.21922912006266415,65554,1.0855467973769624,True,13.024046281003393,65684,1.087699542955554,True,23.624551650951616,1,0,0
REG,4.0,100000,200000,60402,60402,1.0,True,0.20860619202721864,65581,1.0857421939670873,True,12.971263734973036,65612,1.0862554220058938,True,23.20009386399761,1,0,0
REG,4.0,100000,200000,60373,60373,1.0,True,0.27761167904827744,65531,1.0854355423782154,True,13.142906010034494,65549,1.0857336889006675,True,23.416744863032363,1,0,0
REG,4.0,100000,200000,60434,60434,1.0,True,0.21347363898530602,65547,1.0846046927226396,True,13.052175065036863,65548,1.084621239699507,True,23.63913946901448,1,0,0
