graph_type,num_nodes,param,num_edges,milp_ref,cover_size,ratio,is_optimal,matching_lb,lb_tight,n_steps,min_delta,min_gap,n_uncertain
ER,4,0.3,4,2,2,1.0,True,2,True,2,2.220446049250313e-16,0.7712864461218311,2
ER,4,0.3,4,2,2,1.0,True,2,True,2,2.220446049250313e-16,0.7712864461218311,2
ER,4,0.3,4,2,2,1.0,True,2,True,2,2.220446049250313e-16,0.7712864461218311,2
ER,4,0.3,4,2,2,1.0,True,2,True,2,2.220446049250313e-16,0.7712864461218311,2
ER,4,0.3,4,2,2,1.0,True,2,True,2,2.220446049250313e-16,0.7712864461218311,2
ER,4,0.3,4,2,2,1.0,True,2,True,2,2.220446049250313e-16,0.7712864461218303,2
ER,4,0.3,4,2,2,1.0,True,2,True,2,2.220446049250313e-16,0.7712864461218303,2
ER,4,0.3,4,2,2,1.0,True,2,True,2,2.220446049250313e-16,0.7712864461218303,2
ER,4,0.3,4,2,2,1.0,True,2,True,2,2.220446049250313e-16,0.7712864461218303,2
ER,4,0.3,3,2,2,1.0,True,2,True,2,2.220446049250313e-16,0.49999999999999994,2
ER,4,0.5,3,2,2,1.0,True,2,True,2,2.220446049250313e-16,0.49999999999999994,2
ER,4,0.5,4,2,2,1.0,True,2,True,2,2.220446049250313e-16,0.7712864461218308,2
ER,4,0.5,3,2,2,1.0,True,2,True,2,0.0,0.4999999999999999,2
ER,4,0.5,3,2,2,1.0,True,2,True,2,0.0,0.4999999999999999,2
ER,4,0.5,6,3,3,1.0,True,2,False,3,2.220446049250313e-16,1.3333333333333324,3
ER,4,0.5,3,2,2,1.0,True,2,True,2,2.220446049250313e-16,0.49999999999999994,2
ER,4,0.5,3,2,2,1.0,True,2,True,2,2.220446049250313e-16,0.49999999999999994,2
ER,4,0.5,4,2,2,1.0,True,2,True,2,2.220446049250313e-16,0.7712864461218311,2
ER,4,0.5,4,2,2,1.0,True,2,True,2,2.220446049250313e-16,0.7712864461218303,2
ER,4,0.5,4,2,2,1.0,True,2,True,2,2.220446049250313e-16,0.7712864461218312,2
ER,4,0.7,4,2,2,1.0,True,2,True,2,2.220446049250313e-16,0.7712864461218308,2
ER,4,0.7,4,2,2,1.0,True,2,True,2,2.220446049250313e-16,0.7712864461218308,2
ER,4,0.7,6,3,3,1.0,True,2,False,3,2.220446049250313e-16,1.3333333333333324,3
ER,4,0.7,6,3,3,1.0,True,2,False,3,2.220446049250313e-16,1.3333333333333324,3
ER,4,0.7,6,3,3,1.0,True,2,False,3,2.220446049250313e-16,1.3333333333333324,3
ER,4,0.7,4,2,2,1.0,True,2,True,2,2.220446049250313e-16,0.7712864461218308,2
ER,4,0.7,4,2,2,1.0,True,2,True,2,2.220446049250313e-16,0.7712864461218308,2
ER,4,0.7,6,3,3,1.0,True,2,False,3,2.220446049250313e-16,1.3333333333333324,3
ER,4,0.7,4,2,2,1.0,True,2,True,2,2.220446049250313e-16,0.7712864461218303,2
ER,4,0.7,5,2,2,1.0,True,2,True,2,0.0,0.9999999999999999,2
ER,9,0.3,16,5,5,1.0,True,4,False,5,2.220446049250313e-16,0.43350055713342317,5
ER,9,0.3,16,5,5,1.0,True,4,False,5,2.220446049250313e-16,0.43350055713342317,5
ER,9,0.3,13,4,4,1.0,True,4,True,4,6.9442161806376745e-06,0.16959260913516183,4
ER,9,0.3,13,4,4,1.0,True,4,True,4,6.9442161806376745e-06,0.16959260913516183,4
ER,9,0.3,13,4,4,1.0,True,4,True,4,6.9442161806376745e-06,0.16959260913516183,4
ER,9,0.3,13,5,5,1.0,True,4,False,5,2.220446049250313e-16,0.31394746414391506,5
ER,9,0.3,10,4,4,1.0,True,4,True,4,0.0,0.2750197648203841,4
ER,9,0.3,16,5,5,1.0,True,4,False,5,2.220446049250313e-16,0.4732133122947474,5
ER,9,0.3,15,5,5,1.0,True,4,False,5,0.0,0.15376157219871722,5
ER,9,0.3,14,4,4,1.0,True,4,True,4,2.083255932761041e-06,0.39193389748130586,4
ER,9,0.5,14,5,5,1.0,True,4,False,5,5.2082338442005494e-11,0.37908037917367904,5
ER,9,0.5,25,6,6,1.0,True,4,False,6,0.0,0.5171947889901971,6
ER,9,0.5,18,6,6,1.0,True,4,False,6,2.220446049250313e-16,0.23925970979839978,6
ER,9,0.5,15,5,5,1.0,True,4,False,5,2.220446049250313e-16,0.3399941332768387,5
ER,9,0.5,18,5,5,1.0,True,4,False,5,2.220446049250313e-16,0.4506844768097972,5
ER,9,0.5,15,5,5,1.0,True,4,False,5,2.220446049250313e-16,0.4746442973235504,5
ER,9,0.5,16,5,5,1.0,True,4,False,5,0.0,3.3306690738754696e-16,5
ER,9,0.5,23,6,6,1.0,True,4,False,6,0.0,0.4527669092115528,6
ER,9,0.5,23,6,6,1.0,True,4,False,6,2.220446049250313e-16,0.5370333351375368,6
ER,9,0.5,20,6,6,1.0,True,4,False,6,2.220446049250313e-16,0.49999999999999983,6
ER,9,0.7,21,6,6,1.0,True,4,False,6,2.220446049250313e-16,0.47630707586430826,6
ER,9,0.7,27,6,6,1.0,True,4,False,6,2.220446049250313e-16,0.5806843210314838,6
ER,9,0.7,27,7,7,1.0,True,4,False,7,0.0,0.6096117967977923,7
ER,9,0.7,23,6,6,1.0,True,4,False,6,2.220446049250313e-16,0.5678465710886512,6
ER,9,0.7,24,6,6,1.0,True,4,False,6,2.220446049250313e-16,0.5780921389204556,6
ER,9,0.7,22,6,6,1.0,True,4,False,6,2.220446049250313e-16,0.4427954523253347,6
ER,9,0.7,24,6,6,1.0,True,4,False,6,0.0,0.3190964933197986,6
ER,9,0.7,31,7,7,1.0,True,4,False,7,2.220446049250313e-16,0.49999999999999994,7
ER,9,0.7,29,6,6,1.0,True,4,False,6,0.0,0.5657414540893354,6
ER,9,0.7,26,6,6,1.0,True,4,False,6,0.0,0.4609857324907515,6
ER,14,0.3,20,6,6,1.0,True,6,True,6,5.208256048661042e-11,0.15100632771845396,6
ER,14,0.3,20,6,6,1.0,True,6,True,6,5.208256048661042e-11,0.15100632771845396,6
ER,14,0.3,20,6,6,1.0,True,6,True,6,5.208256048661042e-11,0.15100632771845396,6
ER,14,0.3,23,7,7,1.0,True,7,True,7,2.220446049250313e-16,0.2834232077790402,7
ER,14,0.3,30,9,9,1.0,True,7,False,9,2.220446049250313e-16,0.22819106986327622,9
ER,14,0.3,29,9,9,1.0,True,7,False,9,2.220446049250313e-16,3.8424124992886277e-16,9
ER,14,0.3,22,8,8,1.0,True,7,False,8,2.220446049250313e-16,0.195374063803445,8
ER,14,0.3,31,8,8,1.0,True,7,False,8,2.220446049250313e-16,0.3348499916251391,8
ER,14,0.3,34,8,8,1.0,True,7,False,8,4.440892098500626e-16,0.2928932188134524,8
ER,14,0.3,33,9,9,1.0,True,7,False,9,2.220446049250313e-16,0.2411956171265197,9
ER,14,0.5,34,8,8,1.0,True,7,False,8,0.0,0.41472853119280617,8
ER,14,0.5,45,9,9,1.0,True,7,False,9,2.220446049250313e-16,0.4052833339583856,9
ER,14,0.5,37,9,9,1.0,True,7,False,9,0.0,0.39096534562206403,9
ER,14,0.5,38,9,9,1.0,True,7,False,9,2.220446049250313e-16,0.4369607220981088,9
ER,14,0.5,47,10,10,1.0,True,7,False,10,2.220446049250313e-16,0.3746372355225035,10
ER,14,0.5,43,10,10,1.0,True,7,False,10,2.220446049250313e-16,0.5247772279703513,10
ER,14,0.5,42,9,9,1.0,True,7,False,9,4.440892098500626e-16,0.39415714189849105,9
ER,14,0.5,50,10,10,1.0,True,7,False,10,2.220446049250313e-16,0.5752989019988373,10
ER,14,0.5,54,10,11,1.1,False,7,False,11,0.0,0.34594266799662493,11
ER,14,0.5,49,9,9,1.0,True,7,False,9,8.333000955929037e-12,0.5869528224761185,9
ER,14,0.7,55,10,10,1.0,True,7,False,10,0.0,0.5171947889901973,10
ER,14,0.7,63,10,10,1.0,True,7,False,10,2.220446049250313e-16,0.4226497308103746,10
ER,14,0.7,57,10,10,1.0,True,7,False,10,2.220446049250313e-16,0.5780921389204562,10
ER,14,0.7,58,10,10,1.0,True,7,False,10,2.220446049250313e-16,0.5424665892542113,10
ER,14,0.7,63,11,11,1.0,True,7,False,11,2.220446049250313e-16,0.5657414540893352,11
ER,14,0.7,57,10,10,1.0,True,7,False,10,2.220446049250313e-16,0.5053952895514964,10
ER,14,0.7,61,11,11,1.0,True,7,False,11,2.220446049250313e-16,0.5657414540893352,11
ER,14,0.7,72,10,10,1.0,True,7,False,10,0.0,0.5302036739907289,10
ER,14,0.7,68,11,11,1.0,True,7,False,11,0.0,0.5880327601789584,11
ER,14,0.7,68,11,12,1.0909090909090908,False,7,False,12,0.0,0.6236301029378358,12
ER,19,0.3,44,12,12,1.0,True,9,False,12,2.220446049250313e-16,0.2505924542847961,12
ER,19,0.3,54,12,12,1.0,True,9,False,12,2.220446049250313e-16,0.24837587269857198,12
ER,19,0.3,51,11,11,1.0,True,9,False,11,2.220446049250313e-16,0.32965201242481884,11
ER,19,0.3,43,11,12,1.0909090909090908,False,9,False,12,2.220446049250313e-16,0.316884933895994,12
ER,19,0.3,61,11,11,1.0,True,9,False,11,3.3146878575252003e-09,0.3895470461947805,11
ER,19,0.3,49,12,12,1.0,True,9,False,12,0.0,0.42565835509264405,12
ER,19,0.3,45,11,11,1.0,True,9,False,11,2.220446049250313e-16,0.14621546001085825,11
ER,19,0.3,62,13,13,1.0,True,9,False,13,0.0,1.816077040376834e-16,13
ER,19,0.3,57,12,12,1.0,True,9,False,12,2.220446049250313e-16,0.4685145211456898,12
ER,19,0.3,60,13,13,1.0,True,9,False,13,0.0,0.4139946911113524,13
ER,19,0.5,75,13,13,1.0,True,9,False,13,2.220446049250313e-16,0.3782000983347208,13
ER,19,0.5,86,13,13,1.0,True,9,False,13,0.0,0.4141273640411789,13
ER,19,0.5,81,14,14,1.0,True,9,False,14,2.220446049250313e-16,0.49999999999999983,14
ER,19,0.5,80,13,13,1.0,True,9,False,13,0.0,0.5132447708620057,13
ER,19,0.5,91,14,14,1.0,True,9,False,14,2.220446049250313e-16,0.49999999999999994,14
ER,19,0.5,83,14,14,1.0,True,9,False,14,0.0,0.3459426679966239,14
ER,19,0.5,86,14,14,1.0,True,9,False,14,2.220446049250313e-16,0.2625951831836584,14
ER,19,0.5,97,14,14,1.0,True,9,False,14,0.0,0.3906780676523695,14
ER,19,0.5,92,13,13,1.0,True,9,False,13,2.220446049250313e-16,0.46747366562865506,13
ER,19,0.5,93,15,15,1.0,True,9,False,15,0.0,0.516084659062648,15
ER,19,0.7,115,15,15,1.0,True,9,False,15,0.0,0.49999999999999994,15
ER,19,0.7,123,15,16,1.0666666666666667,False,9,False,16,2.220446049250313e-16,0.47630707586430887,16
ER,19,0.7,115,15,15,1.0,True,9,False,15,2.220446049250313e-16,0.561685590694702,15
ER,19,0.7,120,15,15,1.0,True,9,False,15,2.220446049250313e-16,0.3797313822960984,15
ER,19,0.7,118,15,16,1.0666666666666667,False,9,False,16,2.220446049250313e-16,0.6417424305044157,16
ER,19,0.7,111,15,15,1.0,True,9,False,15,2.220446049250313e-16,0.5301684580808714,15
ER,19,0.7,117,15,15,1.0,True,9,False,15,2.220446049250313e-16,0.4855259646441046,15
ER,19,0.7,132,15,16,1.0666666666666667,False,9,False,16,2.220446049250313e-16,0.5664051260783671,16
ER,19,0.7,120,15,15,1.0,True,9,False,15,2.220446049250313e-16,0.5657414540893352,15
ER,19,0.7,125,16,16,1.0,True,9,False,16,2.220446049250313e-16,0.34594266799662554,16
ER,24,0.3,74,15,15,1.0,True,12,False,15,2.220446049250313e-16,0.23967062922628532,15
ER,24,0.3,88,16,16,1.0,True,12,False,16,0.0,0.1698936036529768,16
ER,24,0.3,86,16,16,1.0,True,12,False,16,0.0,0.31909649331979917,16
ER,24,0.3,74,16,16,1.0,True,12,False,16,2.220446049250313e-16,0.283495754172525,16
ER,24,0.3,88,15,16,1.0666666666666667,False,12,False,16,2.220446049250313e-16,0.36540681487759363,16
ER,24,0.3,77,16,16,1.0,True,12,False,16,0.0,0.3057530765589206,16
ER,24,0.3,82,16,16,1.0,True,12,False,16,2.220446049250313e-16,0.36962964039940593,16
ER,24,0.3,92,16,16,1.0,True,12,False,16,2.220446049250313e-16,0.40154688703181657,16
ER,24,0.3,82,16,16,1.0,True,12,False,16,2.220446049250313e-16,0.34594266799662604,16
ER,24,0.3,93,17,17,1.0,True,12,False,17,0.0,0.19809951176317508,17
ER,24,0.5,128,18,18,1.0,True,12,False,18,2.220446049250313e-16,0.4287174470214672,18
ER,24,0.5,139,18,18,1.0,True,12,False,18,2.220446049250313e-16,0.6098589367477517,18
ER,24,0.5,140,18,18,1.0,True,12,False,18,2.220446049250313e-16,0.422649730810374,18
ER,24,0.5,135,18,18,1.0,True,12,False,18,2.220446049250313e-16,0.4609857324907518,18
ER,24,0.5,141,18,18,1.0,True,12,False,18,0.0,4.626871172546262e-16,18
ER,24,0.5,135,18,18,1.0,True,12,False,18,0.0,0.46322657264494915,18
ER,24,0.5,142,18,19,1.0555555555555556,False,12,False,19,2.220446049250313e-16,0.5004064407901255,19
ER,24,0.5,145,19,19,1.0,True,12,False,19,2.220446049250313e-16,0.23612335693070452,19
ER,24,0.5,138,18,18,1.0,True,12,False,18,0.0,0.406234240380326,18
ER,24,0.5,148,19,19,1.0,True,12,False,19,2.220446049250313e-16,0.34594266799662543,19
ER,24,0.7,189,19,19,1.0,True,12,False,19,0.0,0.6009089271342133,19
ER,24,0.7,189,20,20,1.0,True,12,False,20,2.220446049250313e-16,0.4803838432311668,20
ER,24,0.7,195,20,20,1.0,True,12,False,20,0.0,0.4999999999999999,20
ER,24,0.7,193,19,19,1.0,True,12,False,19,4.440892098500626e-16,0.5657414540893352,19
ER,24,0.7,187,20,20,1.0,True,12,False,20,2.220446049250313e-16,0.523920311597315,20
ER,24,0.7,188,20,20,1.0,True,12,False,20,0.0,0.5754550492407408,20
ER,24,0.7,192,19,19,1.0,True,12,False,19,0.0,0.5657414540893351,19
ER,24,0.7,200,20,20,1.0,True,12,False,20,0.0,0.602505603048578,20
ER,24,0.7,183,20,20,1.0,True,12,False,20,2.220446049250313e-16,0.49999999999999983,20
ER,24,0.7,201,20,20,1.0,True,12,False,20,0.0,0.5124118730374689,20
ER,29,0.3,112,20,20,1.0,True,14,False,20,2.220446049250313e-16,1.3224339996335372e-16,20
ER,29,0.3,131,20,20,1.0,True,14,False,20,8.502771142726573e-08,0.41152602397776294,20
ER,29,0.3,117,20,20,1.0,True,14,False,20,0.0,0.350883374218697,20
ER,29,0.3,112,21,21,1.0,True,14,False,21,2.220446049250313e-16,0.27041402390952096,21
ER,29,0.3,124,20,20,1.0,True,14,False,20,2.220446049250313e-16,0.1909830056250525,20
ER,29,0.3,119,19,20,1.0526315789473684,False,14,False,20,2.220446049250313e-16,0.3388735126877582,20
ER,29,0.3,121,20,21,1.05,False,14,False,21,2.220446049250313e-16,0.33333333333333365,21
ER,29,0.3,138,20,20,1.0,True,14,False,20,2.220446049250313e-16,0.4525659138225968,20
ER,29,0.3,114,20,20,1.0,True,14,False,20,8.9509510914354e-12,0.2474233470100413,20
ER,29,0.3,134,21,21,1.0,True,14,False,21,7.939003232593222e-09,0.36607427481456434,21
ER,29,0.5,196,23,24,1.0434782608695652,False,14,False,24,2.220446049250313e-16,0.46380672323238153,24
ER,29,0.5,208,23,23,1.0,True,14,False,23,2.220446049250313e-16,0.3270842660313651,23
ER,29,0.5,198,23,23,1.0,True,14,False,23,0.0,0.4280920885915144,23
ER,29,0.5,199,22,23,1.0454545454545454,False,14,False,23,2.220446049250313e-16,0.29865252893403127,23
ER,29,0.5,198,22,22,1.0,True,14,False,22,0.0,0.4624681379117929,22
ER,29,0.5,200,22,22,1.0,True,14,False,22,4.8636095151266545e-11,0.45849051166529425,22
ER,29,0.5,199,22,22,1.0,True,14,False,22,2.220446049250313e-16,0.41357468108646495,22
ER,29,0.5,215,22,23,1.0454545454545454,False,14,False,23,0.0,0.3399941332768387,23
ER,29,0.5,201,23,23,1.0,True,14,False,23,2.220446049250313e-16,0.47112731634795,23
ER,29,0.5,209,23,23,1.0,True,14,False,23,2.220446049250313e-16,0.49999999999999983,23
ER,29,0.7,281,25,25,1.0,True,14,False,25,0.0,0.49999999999999994,25
ER,29,0.7,287,24,24,1.0,True,14,False,24,2.220446049250313e-16,0.5657414540893352,24
ER,29,0.7,280,25,25,1.0,True,14,False,25,0.0,0.49999999999999994,25
ER,29,0.7,281,24,24,1.0,True,14,False,24,2.220446049250313e-16,0.5171947889901982,24
ER,29,0.7,268,25,25,1.0,True,14,False,25,0.0,0.49999999999999994,25
ER,29,0.7,282,24,24,1.0,True,14,False,24,2.220446049250313e-16,0.27268555464920263,24
ER,29,0.7,274,25,25,1.0,True,14,False,25,2.220446049250313e-16,0.5831625551645755,25
ER,29,0.7,293,25,25,1.0,True,14,False,25,0.0,0.3459426679966254,25
ER,29,0.7,275,24,24,1.0,True,14,False,24,2.220446049250313e-16,0.5737889172073857,24
ER,29,0.7,292,25,25,1.0,True,14,False,25,2.220446049250313e-16,0.49999999999999994,25
ER,34,0.3,161,24,25,1.0416666666666667,False,17,False,25,2.220446049250313e-16,0.3794486331255835,25
ER,34,0.3,165,25,25,1.0,True,17,False,25,2.220446049250313e-16,0.3151803058034295,25
ER,34,0.3,163,24,24,1.0,True,17,False,24,4.440892098500626e-16,0.40995697628546335,24
ER,34,0.3,155,24,24,1.0,True,17,False,24,2.220446049250313e-16,0.28926519440962317,24
ER,34,0.3,173,24,24,1.0,True,17,False,24,2.220446049250313e-16,0.28474918416087414,24
ER,34,0.3,180,25,25,1.0,True,17,False,25,0.0,0.0,25
ER,34,0.3,177,25,25,1.0,True,17,False,25,0.0,0.0,25
ER,34,0.3,187,25,25,1.0,True,17,False,25,2.220446049250313e-16,0.22831949462716616,25
ER,34,0.3,148,23,23,1.0,True,17,False,23,6.296570831398896e-08,0.26520987456853223,23
ER,34,0.3,180,25,26,1.04,False,17,False,26,2.220446049250313e-16,0.3933898453231159,26
ER,34,0.5,279,27,28,1.037037037037037,False,17,False,28,2.220446049250313e-16,0.3459426679966259,28
ER,34,0.5,271,27,27,1.0,True,17,False,27,2.220446049250313e-16,0.4226497308103743,27
ER,34,0.5,281,27,27,1.0,True,17,False,27,0.0,0.4841992004717853,27
ER,34,0.5,270,27,27,1.0,True,17,False,27,2.220446049250313e-16,0.38946043757410415,27
ER,34,0.5,269,27,28,1.037037037037037,False,17,False,28,0.0,0.5367582491431606,28
ER,34,0.5,296,28,28,1.0,True,17,False,28,2.220446049250313e-16,0.49999999999999994,28
ER,34,0.5,287,28,28,1.0,True,17,False,28,2.220446049250313e-16,0.550814525040712,28
ER,34,0.5,293,28,28,1.0,True,17,False,28,2.220446049250313e-16,0.521816937879523,28
ER,34,0.5,266,27,27,1.0,True,17,False,27,2.220446049250313e-16,0.4462972852434883,27
ER,34,0.5,284,27,27,1.0,True,17,False,27,2.220446049250313e-16,0.422649730810374,27
ER,34,0.7,387,29,29,1.0,True,17,False,29,2.220446049250313e-16,0.5866477300478272,29
ER,34,0.7,386,29,29,1.0,True,17,False,29,1.080235900730031e-11,0.512411873037469,29
ER,34,0.7,389,30,30,1.0,True,17,False,30,2.220446049250313e-16,0.5657414540893352,30
ER,34,0.7,390,30,30,1.0,True,17,False,30,2.220446049250313e-16,0.6751151401124126,30
ER,34,0.7,371,29,30,1.0344827586206897,False,17,False,30,2.220446049250313e-16,0.565741454089335,30
ER,34,0.7,403,30,30,1.0,True,17,False,30,2.220446049250313e-16,0.6168873805643565,30
ER,34,0.7,392,30,30,1.0,True,17,False,30,2.220446049250313e-16,0.6502703628879044,30
ER,34,0.7,404,29,30,1.0344827586206897,False,17,False,30,0.0,0.49999999999999983,30
ER,34,0.7,386,29,29,1.0,True,17,False,29,2.220446049250313e-16,0.6738989528149618,29
ER,34,0.7,402,30,30,1.0,True,17,False,30,0.0,0.6247140188015587,30
ER,39,0.3,216,29,29,1.0,True,19,False,29,2.220446049250313e-16,0.3985884974868009,29
ER,39,0.3,219,28,28,1.0,True,19,False,28,0.0,0.4226497308103738,28
ER,39,0.3,217,27,27,1.0,True,19,False,27,4.440892098500626e-16,0.39867709580835325,27
ER,39,0.3,222,28,29,1.0357142857142858,False,19,False,29,2.220446049250313e-16,0.26259518318365804,29
ER,39,0.3,229,29,29,1.0,True,19,False,29,2.220446049250313e-16,0.28159070140519304,29
ER,39,0.3,228,29,30,1.0344827586206897,False,19,False,30,0.0,0.2554512143878319,30
ER,39,0.3,223,29,29,1.0,True,19,False,29,0.0,0.28451109168693184,29
ER,39,0.3,250,30,30,1.0,True,19,False,30,2.220446049250313e-16,0.29289321881345204,30
ER,39,0.3,200,28,29,1.0357142857142858,False,19,False,29,0.0,0.2928932188134525,29
ER,39,0.3,243,30,30,1.0,True,19,False,30,7.277108138303845e-09,0.2561364771486549,30
ER,39,0.5,376,31,31,1.0,True,19,False,31,1.9528124228784804e-08,0.40074391196225034,31
ER,39,0.5,359,32,32,1.0,True,19,False,32,2.220446049250313e-16,0.3729721723244473,32
ER,39,0.5,374,32,32,1.0,True,19,False,32,0.0,0.5296800623592145,32
ER,39,0.5,376,31,31,1.0,True,19,False,31,2.220446049250313e-16,0.6096117967977921,31
ER,39,0.5,365,32,33,1.03125,False,19,False,33,2.220446049250313e-16,0.5164647734326221,33
ER,39,0.5,381,33,33,1.0,True,19,False,33,0.0,0.5293128110179889,33
ER,39,0.5,379,32,33,1.03125,False,19,False,33,0.0,0.4675708794430956,33
ER,39,0.5,391,32,32,1.0,True,19,False,32,4.440892098500626e-16,0.5124118730374687,32
ER,39,0.5,347,32,33,1.03125,False,19,False,33,2.220446049250313e-16,0.3459426679966259,33
ER,39,0.5,382,32,32,1.0,True,19,False,32,0.0,0.5216561076364178,32
ER,39,0.7,524,34,34,1.0,True,19,False,34,0.0,0.6096117967977925,34
ER,39,0.7,508,34,34,1.0,True,19,False,34,2.220446049250313e-16,0.4834834694833028,34
ER,39,0.7,523,34,34,1.0,True,19,False,34,0.0,0.6257856115421523,34
ER,39,0.7,521,34,34,1.0,True,19,False,34,5.2082782531215344e-11,0.5124118730374682,34
ER,39,0.7,504,34,35,1.0294117647058822,False,19,False,35,2.220446049250313e-16,0.34594266799662565,35
ER,39,0.7,525,34,34,1.0,True,19,False,34,0.0,0.5657414540893347,34
ER,39,0.7,529,35,35,1.0,True,19,False,35,2.220446049250313e-16,0.5612197559598346,35
ER,39,0.7,530,34,35,1.0294117647058822,False,19,False,35,2.220446049250313e-16,0.5775283560652575,35
ER,39,0.7,512,34,34,1.0,True,19,False,34,2.220446049250313e-16,0.6090218919838375,34
ER,39,0.7,528,35,35,1.0,True,19,False,35,0.0,0.6310072746543776,35
ER,44,0.3,285,33,33,1.0,True,22,False,33,2.220446049250313e-16,0.40360641084893634,33
ER,44,0.3,265,33,33,1.0,True,22,False,33,2.220446049250313e-16,0.3459426679966253,33
ER,44,0.3,265,32,33,1.03125,False,22,False,33,2.220446049250313e-16,0.39621251301555555,33
ER,44,0.3,287,34,34,1.0,True,22,False,34,2.220446049250313e-16,0.44579061353934873,34
ER,44,0.3,289,32,33,1.03125,False,22,False,33,0.0,0.31526152769222016,33
ER,44,0.3,294,33,33,1.0,True,22,False,33,2.220446049250313e-16,0.2928932188134524,33
ER,44,0.3,296,34,34,1.0,True,22,False,34,2.220446049250313e-16,0.2402705945898162,34
ER,44,0.3,319,35,35,1.0,True,22,False,35,2.220446049250313e-16,0.4226497308103743,35
ER,44,0.3,264,33,33,1.0,True,22,False,33,2.220446049250313e-16,0.3410017667493951,33
ER,44,0.3,313,34,34,1.0,True,22,False,34,2.220446049250313e-16,0.3549279959022992,34
ER,44,0.5,487,37,37,1.0,True,22,False,37,2.220446049250313e-16,0.4338985130599655,37
ER,44,0.5,448,36,37,1.0277777777777777,False,22,False,37,2.220446049250313e-16,0.2796358391575056,37
ER,44,0.5,466,37,38,1.027027027027027,False,22,False,38,2.220446049250313e-16,0.5301684580808727,38
ER,44,0.5,481,37,37,1.0,True,22,False,37,0.0,0.3596117967977926,37
ER,44,0.5,463,37,37,1.0,True,22,False,37,0.0,0.31909649331979845,37
ER,44,0.5,492,37,37,1.0,True,22,False,37,2.220446049250313e-16,0.29289321881345237,37
ER,44,0.5,484,38,38,1.0,True,22,False,38,0.0,0.5140988812022232,38
ER,44,0.5,506,37,37,1.0,True,22,False,37,2.220446049250313e-16,0.5529836655706734,37
ER,44,0.5,468,37,37,1.0,True,22,False,37,2.220446049250313e-16,0.4302703334195808,37
ER,44,0.5,490,37,37,1.0,True,22,False,37,2.220446049250313e-16,0.49911412735677607,37
ER,44,0.7,672,39,40,1.0256410256410255,False,22,False,40,0.0,0.34594266799662454,40
ER,44,0.7,638,39,39,1.0,True,22,False,39,2.220446049250313e-16,0.49999999999999983,39
ER,44,0.7,665,39,39,1.0,True,22,False,39,0.0,0.31909649331979845,39
ER,44,0.7,661,40,40,1.0,True,22,False,40,0.0,0.5657414540893348,40
ER,44,0.7,635,38,38,1.0,True,22,False,38,2.220446049250313e-16,0.5657414540893352,38
ER,44,0.7,672,39,39,1.0,True,22,False,39,2.220446049250313e-16,0.3459426679966262,39
ER,44,0.7,675,39,39,1.0,True,22,False,39,2.220446049250313e-16,0.44469004488949615,39
ER,44,0.7,673,39,39,1.0,True,22,False,39,0.0,0.5368762170533029,39
ER,44,0.7,665,39,39,1.0,True,22,False,39,2.220446049250313e-16,0.6096117967977925,39
ER,44,0.7,678,39,39,1.0,True,22,False,39,2.220446049250313e-16,0.6771087966587408,39
ER,49,0.3,347,38,39,1.0263157894736843,False,24,False,39,2.220446049250313e-16,0.2819829394074493,39
ER,49,0.3,334,37,39,1.054054054054054,False,24,False,39,2.220446049250313e-16,2.587085228921343e-16,39
ER,49,0.3,341,37,37,1.0,True,24,False,37,1.374057745362478e-08,0.24051345704582772,37
ER,49,0.3,355,38,38,1.0,True,24,False,38,0.0,0.37049915258339156,38
ER,49,0.3,351,38,38,1.0,True,24,False,38,2.220446049250313e-16,0.281666228184379,38
ER,49,0.3,374,39,39,1.0,True,24,False,39,2.220446049250313e-16,0.19604355854258393,39
ER,49,0.3,365,37,38,1.027027027027027,False,24,False,38,2.220446049250313e-16,0.3274383771830398,38
ER,49,0.3,392,39,39,1.0,True,24,False,39,1.8610983532063585e-08,0.3832448970232246,39
ER,49,0.3,330,37,37,1.0,True,24,False,37,0.0,5.707209146849412e-16,37
ER,49,0.3,366,38,38,1.0,True,24,False,38,4.0324155126114647e-10,0.24760025189115356,38
ER,49,0.5,587,41,42,1.024390243902439,False,24,False,42,2.220446049250313e-16,8.009237434269492e-17,42
ER,49,0.5,562,41,41,1.0,True,24,False,41,2.220446049250313e-16,0.2928932188134522,41
ER,49,0.5,582,41,42,1.024390243902439,False,24,False,42,1.1802354649148583e-09,0.5079679756287687,42
ER,49,0.5,600,42,42,1.0,True,24,False,42,2.220446049250313e-16,0.49999999999999983,42
ER,49,0.5,581,41,41,1.0,True,24,False,41,9.181424509563385e-10,0.4362415839105662,41
ER,49,0.5,614,42,43,1.0238095238095237,False,24,False,43,2.220446049250313e-16,0.4431939232073301,43
ER,49,0.5,592,41,41,1.0,True,24,False,41,6.661338147750939e-16,0.43766624792758,41
ER,49,0.5,620,41,41,1.0,True,24,False,41,1.187937304081288e-09,0.47928227439938215,41
ER,49,0.5,592,41,41,1.0,True,24,False,41,2.220446049250313e-16,0.4671735674011396,41
ER,49,0.5,586,41,41,1.0,True,24,False,41,2.220446049250313e-16,0.3880420561478283,41
ER,49,0.7,821,44,44,1.0,True,24,False,44,0.0,0.6096117967977928,44
ER,49,0.7,812,44,44,1.0,True,24,False,44,2.220446049250313e-16,0.4999999999999997,44
ER,49,0.7,822,44,44,1.0,True,24,False,44,2.220446049250313e-16,0.2986525289340312,44
ER,49,0.7,820,44,45,1.0227272727272727,False,24,False,45,0.0,0.3015573941809233,45
ER,49,0.7,803,44,44,1.0,True,24,False,44,0.0,0.5171947889901973,44
ER,49,0.7,839,44,44,1.0,True,24,False,44,2.220446049250313e-16,0.687718247226039,44
ER,49,0.7,829,44,45,1.0227272727272727,False,24,False,45,0.0,0.49999999999999994,45
ER,49,0.7,835,44,44,1.0,True,24,False,44,2.220446049250313e-16,0.24366731964247135,44
ER,49,0.7,838,44,44,1.0,True,24,False,44,2.220446049250313e-16,0.49999999999999994,44
ER,49,0.7,832,44,44,1.0,True,24,False,44,2.220446049250313e-16,0.3892170024690249,44
ER,54,0.3,416,41,42,1.024390243902439,False,27,False,42,0.0,0.2313356882614653,42
ER,54,0.3,406,41,42,1.024390243902439,False,27,False,42,1.232093471692508e-08,0.2983590952137602,42
ER,54,0.3,422,41,41,1.0,True,27,False,41,0.0,0.29289321881345187,41
ER,54,0.3,433,43,44,1.0232558139534884,False,27,False,44,2.220446049250313e-16,0.2783301537902013,44
ER,54,0.3,436,43,43,1.0,True,27,False,43,2.220446049250313e-16,0.3328264887443326,43
ER,54,0.3,450,42,43,1.0238095238095237,False,27,False,43,0.0,0.2605936849293072,43
ER,54,0.3,455,43,44,1.0232558139534884,False,27,False,44,0.0,0.3684361936536191,44
ER,54,0.3,469,43,43,1.0,True,27,False,43,1.602139965140026e-08,0.34067923495974467,43
ER,54,0.3,415,42,43,1.0238095238095237,False,27,False,43,2.220446049250313e-16,0.4818604595302221,43
ER,54,0.3,440,43,43,1.0,True,27,False,43,2.220446049250313e-16,0.4204074896043149,43
ER,54,0.5,709,45,45,1.0,True,27,False,45,1.696711438015086e-09,0.4215144641990902,45
ER,54,0.5,683,46,47,1.0217391304347827,False,27,False,47,2.220446049250313e-16,0.345942667996625,47
ER,54,0.5,705,46,46,1.0,True,27,False,46,2.220446049250313e-16,0.49999999999999994,46
ER,54,0.5,731,47,47,1.0,True,27,False,47,0.0,0.4999999999999999,47
ER,54,0.5,708,47,47,1.0,True,27,False,47,2.220446049250313e-16,0.5301684580808714,47
ER,54,0.5,748,46,46,1.0,True,27,False,46,4.440892098500626e-16,0.5337181670907825,46
ER,54,0.5,733,47,47,1.0,True,27,False,47,2.220446049250313e-16,0.3190964933197987,47
ER,54,0.5,752,47,47,1.0,True,27,False,47,0.0,0.34594266799662454,47
ER,54,0.5,718,47,47,1.0,True,27,False,47,0.0,0.4308486460974411,47
ER,54,0.5,714,46,46,1.0,True,27,False,46,0.0,0.36189436772972966,46
ER,54,0.7,995,49,50,1.0204081632653061,False,27,False,50,2.220446049250313e-16,0.4763070758643088,50
ER,54,0.7,985,49,49,1.0,True,27,False,49,2.220446049250313e-16,0.5797593520337645,49
ER,54,0.7,997,49,49,1.0,True,27,False,49,0.0,8.19027397632892e-16,49
ER,54,0.7,1008,49,49,1.0,True,27,False,49,2.220446049250313e-16,0.5485209025014044,49
ER,54,0.7,978,49,49,1.0,True,27,False,49,2.220446049250313e-16,0.5223351435303868,49
ER,54,0.7,1026,49,49,1.0,True,27,False,49,2.220446049250313e-16,0.4513514545689575,49
ER,54,0.7,1020,49,49,1.0,True,27,False,49,0.0,0.2928932188134524,49
ER,54,0.7,1014,49,49,1.0,True,27,False,49,2.220446049250313e-16,0.47097563033303763,49
ER,54,0.7,1013,49,49,1.0,True,27,False,49,2.220446049250313e-16,0.5748727799380947,49
ER,54,0.7,1007,49,49,1.0,True,27,False,49,0.0,0.4526218202146792,49
BA,4,2.0,4,2,2,1.0,True,2,True,2,2.220446049250313e-16,0.7712864461218306,2
BA,4,2.0,4,2,2,1.0,True,2,True,2,2.220446049250313e-16,0.7712864461218312,2
BA,4,2.0,4,2,2,1.0,True,2,True,2,2.220446049250313e-16,0.7712864461218312,2
BA,4,2.0,4,2,2,1.0,True,2,True,2,2.220446049250313e-16,0.7712864461218312,2
BA,4,2.0,4,2,2,1.0,True,2,True,2,2.220446049250313e-16,0.7712864461218312,2
BA,4,2.0,4,2,2,1.0,True,2,True,2,2.220446049250313e-16,0.7712864461218312,2
BA,4,2.0,4,2,2,1.0,True,2,True,2,2.220446049250313e-16,0.7712864461218306,2
BA,4,2.0,4,2,2,1.0,True,2,True,2,2.220446049250313e-16,0.7712864461218312,2
BA,4,2.0,4,2,2,1.0,True,2,True,2,2.220446049250313e-16,0.7712864461218312,2
BA,4,2.0,4,2,2,1.0,True,2,True,2,2.220446049250313e-16,0.9999999999999998,2
BA,9,2.0,14,4,4,1.0,True,4,True,4,2.220446049250313e-16,0.4226497308103742,4
BA,9,2.0,14,5,5,1.0,True,4,False,5,2.220446049250313e-16,0.29289321881345215,5
BA,9,2.0,14,3,3,1.0,True,3,True,3,6.349036203778802e-06,0.4522774424948338,3
BA,9,2.0,14,4,4,1.0,True,4,True,4,2.220446049250313e-16,0.4689333110990651,4
BA,9,2.0,14,3,3,1.0,True,3,True,3,8.333113814318338e-06,0.5329211397690119,3
BA,9,2.0,14,5,5,1.0,True,4,False,5,5.208211639740057e-11,0.2928932188134525,5
BA,9,2.0,14,4,4,1.0,True,4,True,4,0.0,5.424178621463783e-16,4
BA,9,2.0,14,3,3,1.0,True,3,True,3,4.440892098500626e-16,0.40692966918274665,3
BA,9,2.0,14,4,4,1.0,True,4,True,4,8.333692702588991e-07,0.43906539146765705,4
BA,9,2.0,14,5,5,1.0,True,4,False,5,2.220446049250313e-16,0.4238453290617014,5
BA,9,5.0,20,4,4,1.0,True,4,True,4,6.844944741013492e-07,0.53415821835972,4
BA,9,5.0,20,4,4,1.0,True,4,True,4,8.333170150587321e-07,0.7032892923227887,4
BA,9,5.0,20,4,4,1.0,True,4,True,4,4.440892098500626e-16,0.6096117967977926,4
BA,9,5.0,20,4,4,1.0,True,4,True,4,2.9165961938915075e-06,0.5618857094509491,4
BA,9,5.0,20,4,4,1.0,True,4,True,4,1.2500147471561363e-06,0.6057132171881292,4
BA,9,5.0,20,4,4,1.0,True,4,True,4,4.440892098500626e-16,0.6020739193569192,4
BA,9,5.0,20,4,4,1.0,True,4,True,4,4.440892098500626e-16,0.5261677575929035,4
BA,9,5.0,20,4,4,1.0,True,4,True,4,6.844944741013492e-07,0.5341582183597201,4
BA,9,5.0,20,4,4,1.0,True,4,True,4,9.464097877387445e-06,0.7228823485786254,4
BA,9,5.0,20,4,4,1.0,True,4,True,4,2.499939583899824e-06,0.763609263874782,4
BA,14,2.0,24,6,6,1.0,True,6,True,6,2.220446049250313e-16,7.989772220475578e-17,6
BA,14,2.0,24,5,5,1.0,True,5,True,5,2.220446049250313e-16,1.012141129485522e-16,5
BA,14,2.0,24,4,4,1.0,True,4,True,4,4.337035315549187e-06,0.20943058495790526,4
BA,14,2.0,24,5,5,1.0,True,5,True,5,8.33304832437154e-06,0.3162206393387746,5
BA,14,2.0,24,5,5,1.0,True,5,True,5,2.220446049250313e-16,2.998988770864589e-16,5
BA,14,2.0,24,7,7,1.0,True,7,True,7,2.220446049250313e-16,0.11209699915629501,7
BA,14,2.0,24,7,7,1.0,True,7,True,7,2.220446049250313e-16,0.18350341907227394,7
BA,14,2.0,24,6,6,1.0,True,6,True,6,2.220446049250313e-16,0.15316514422507824,6
BA,14,2.0,24,6,6,1.0,True,6,True,6,2.220446049250313e-16,0.20395272363818204,6
BA,14,2.0,24,8,8,1.0,True,7,False,8,2.220446049250313e-16,0.2912143246036092,8
BA,14,5.0,45,9,9,1.0,True,7,False,9,2.220446049250313e-16,0.16932381450968562,9
BA,14,5.0,45,8,8,1.0,True,7,False,8,2.220446049250313e-16,0.4592316882407632,8
BA,14,5.0,45,9,9,1.0,True,7,False,9,2.220446049250313e-16,0.49999999999999994,9
BA,14,5.0,45,8,8,1.0,True,7,False,8,2.220446049250313e-16,0.5357940251482833,8
BA,14,5.0,45,8,8,1.0,True,7,False,8,0.0,0.29289321881345276,8
BA,14,5.0,45,8,8,1.0,True,7,False,8,2.220446049250313e-16,2.298193086481116e-16,8
BA,14,5.0,45,9,9,1.0,True,7,False,9,2.220446049250313e-16,0.23548125016360627,9
BA,14,5.0,45,8,8,1.0,True,7,False,8,0.0,0.2928932188134524,8
BA,14,5.0,45,9,9,1.0,True,7,False,9,2.220446049250313e-16,0.28204843830393544,9
BA,14,5.0,45,9,9,1.0,True,7,False,9,2.220446049250313e-16,0.24535616999607007,9
BA,19,2.0,34,9,9,1.0,True,9,True,9,0.0,0.0,9
BA,19,2.0,34,9,9,1.0,True,9,True,9,2.220446049250313e-16,6.013398446665535e-16,9
BA,19,2.0,34,8,8,1.0,True,8,True,8,2.220446049250313e-16,0.14806726448749866,8
BA,19,2.0,34,10,10,1.0,True,9,False,10,2.220446049250313e-16,0.252102143201302,10
BA,19,2.0,34,8,8,1.0,True,8,True,8,2.220446049250313e-16,5.458883724747449e-16,8
BA,19,2.0,34,8,8,1.0,True,8,True,8,2.220446049250313e-16,0.111401157358825,8
BA,19,2.0,34,10,10,1.0,True,9,False,10,2.220446049250313e-16,0.25813154425962254,10
BA,19,2.0,34,8,8,1.0,True,8,True,8,2.220446049250313e-16,0.13426969076659892,8
BA,19,2.0,34,6,6,1.0,True,6,True,6,0.0,0.1958944014792791,6
BA,19,2.0,34,10,10,1.0,True,9,False,10,0.0,0.21983142306444875,10
BA,19,5.0,70,12,12,1.0,True,9,False,12,2.220446049250313e-16,0.19098300562505266,12
BA,19,5.0,70,12,12,1.0,True,9,False,12,2.220446049250313e-16,0.2928932188134526,12
BA,19,5.0,70,12,12,1.0,True,9,False,12,2.220446049250313e-16,0.30922256926008806,12
BA,19,5.0,70,12,12,1.0,True,9,False,12,2.220446049250313e-16,0.42264973081037444,12
BA,19,5.0,70,12,12,1.0,True,9,False,12,4.440892098500626e-16,0.2917545186495678,12
BA,19,5.0,70,12,12,1.0,True,9,False,12,2.220446049250313e-16,0.28558837925441055,12
BA,19,5.0,70,12,12,1.0,True,9,False,12,2.220446049250313e-16,0.26129927475145914,12
BA,19,5.0,70,12,12,1.0,True,9,False,12,0.0,0.29205097621523146,12
BA,19,5.0,70,11,11,1.0,True,9,False,11,4.440892098500626e-16,0.27428873490789735,11
BA,19,5.0,70,12,12,1.0,True,9,False,12,4.3141800243340356e-08,0.2650354884847822,12
BA,24,2.0,44,11,11,1.0,True,11,True,11,2.220446049250313e-16,5.348011825590126e-16,11
BA,24,2.0,44,11,11,1.0,True,11,True,11,0.0,2.247345824601662e-28,11
BA,24,2.0,44,11,11,1.0,True,11,True,11,0.0,0.0,11
BA,24,2.0,44,12,12,1.0,True,12,True,12,4.761850103118803e-07,0.19439223769736544,12
BA,24,2.0,44,11,11,1.0,True,11,True,11,2.220446049250313e-16,1.7728618234836088e-16,11
BA,24,2.0,44,10,10,1.0,True,10,True,10,2.220446049250313e-16,4.275846196936643e-17,10
BA,24,2.0,44,13,13,1.0,True,12,False,13,2.220446049250313e-16,0.18374003603193956,13
BA,24,2.0,44,12,12,1.0,True,12,True,12,0.0,3.769636551591838e-16,12
BA,24,2.0,44,8,8,1.0,True,8,True,8,2.220446049250313e-16,1.110223031968087e-16,8
BA,24,2.0,44,11,11,1.0,True,11,True,11,2.220446049250313e-16,0.2208155163003355,11
BA,24,5.0,95,16,16,1.0,True,12,False,16,2.220446049250313e-16,0.06450838707187123,16
BA,24,5.0,95,16,16,1.0,True,12,False,16,2.220446049250313e-16,0.37319147750888043,16
BA,24,5.0,95,15,15,1.0,True,12,False,15,5.774300615435379e-08,0.3611093805793333,15
BA,24,5.0,95,16,16,1.0,True,12,False,16,2.220446049250313e-16,0.45205755417261906,16
BA,24,5.0,95,15,15,1.0,True,12,False,15,2.220446049250313e-16,0.22464617336084122,15
BA,24,5.0,95,15,15,1.0,True,12,False,15,2.220446049250313e-16,0.2928932188134524,15
BA,24,5.0,95,15,16,1.0666666666666667,False,12,False,16,2.220446049250313e-16,0.16840826573366371,16
BA,24,5.0,95,16,16,1.0,True,12,False,16,0.0,0.2375626261950327,16
BA,24,5.0,95,16,16,1.0,True,12,False,16,2.220446049250313e-16,0.3040404784881608,16
BA,24,5.0,95,16,18,1.125,False,12,False,18,2.220446049250313e-16,0.3015573941809232,18
BA,29,2.0,54,13,13,1.0,True,13,True,13,6.661338147750939e-16,0.08815148782590594,13
BA,29,2.0,54,13,13,1.0,True,13,True,13,2.220446049250313e-16,2.498001805406601e-16,13
BA,29,2.0,54,13,13,1.0,True,12,False,13,0.0,2.0848646548270577e-16,13
BA,29,2.0,54,14,15,1.0714285714285714,False,14,False,15,2.220446049250313e-16,0.10485162975451749,15
BA,29,2.0,54,13,13,1.0,True,13,True,13,0.0,0.0,13
BA,29,2.0,54,12,12,1.0,True,12,True,12,0.0,2.775557513319724e-16,12
BA,29,2.0,54,14,14,1.0,True,14,True,14,2.220446049250313e-16,0.1805162267838031,14
BA,29,2.0,54,14,14,1.0,True,14,True,14,0.0,0.07061960079252054,14
BA,29,2.0,54,12,12,1.0,True,12,True,12,0.0,0.0,12
BA,29,2.0,54,13,13,1.0,True,13,True,13,8.333341446897791e-07,0.16646022853265197,13
BA,29,5.0,120,19,19,1.0,True,14,False,19,4.440892098500626e-16,0.2546440075000708,19
BA,29,5.0,120,19,19,1.0,True,14,False,19,2.220446049250313e-16,0.22913044626948487,19
BA,29,5.0,120,18,18,1.0,True,14,False,18,2.220446049250313e-16,0.2522440516504991,18
BA,29,5.0,120,17,17,1.0,True,14,False,17,6.661338147750939e-16,0.377281077287741,17
BA,29,5.0,120,17,17,1.0,True,14,False,17,0.0,0.2346274917493387,17
BA,29,5.0,120,18,18,1.0,True,14,False,18,0.0,0.0,18
BA,29,5.0,120,19,19,1.0,True,14,False,19,0.0,0.36021383083902814,19
BA,29,5.0,120,18,18,1.0,True,14,False,18,2.220446049250313e-16,0.20210052269444267,18
BA,29,5.0,120,18,18,1.0,True,14,False,18,0.0,0.284343454113268,18
BA,29,5.0,120,19,19,1.0,True,14,False,19,0.0,0.31268307568826426,19
BA,34,2.0,64,14,14,1.0,True,14,True,14,0.0,0.046124097254108376,14
BA,34,2.0,64,17,17,1.0,True,16,False,17,2.220446049250313e-16,6.44799643519694e-16,17
BA,34,2.0,64,16,16,1.0,True,15,False,16,0.0,1.533019805187348e-26,16
BA,34,2.0,64,18,18,1.0,True,17,False,18,2.220446049250313e-16,1.2978284019440352e-16,18
BA,34,2.0,64,14,14,1.0,True,14,True,14,0.0,0.0,14
BA,34,2.0,64,14,14,1.0,True,14,True,14,0.0,6.593997238723651e-16,14
BA,34,2.0,64,16,16,1.0,True,16,True,16,2.220446049250313e-16,0.10846681657710609,16
BA,34,2.0,64,17,17,1.0,True,17,True,17,0.0,6.916825845905944e-17,17
BA,34,2.0,64,15,16,1.0666666666666667,False,15,False,16,0.0,0.09903113209758062,16
BA,34,2.0,64,16,16,1.0,True,16,True,16,2.220446049250313e-16,0.1551059336442236,16
BA,34,5.0,145,22,22,1.0,True,17,False,22,2.220446049250313e-16,0.1221898100960582,22
BA,34,5.0,145,22,22,1.0,True,17,False,22,0.0,0.1909830056250525,22
BA,34,5.0,145,22,22,1.0,True,17,False,22,7.364411613863808e-08,0.23623738417402657,22
BA,34,5.0,145,20,20,1.0,True,17,False,20,2.220446049250313e-16,2.5021875378294666e-16,20
BA,34,5.0,145,21,21,1.0,True,17,False,21,0.0,0.0,21
BA,34,5.0,145,21,21,1.0,True,17,False,21,0.0,0.2339183917471484,21
BA,34,5.0,145,20,20,1.0,True,17,False,20,1.467860775150598e-07,0.20838687994029068,20
BA,34,5.0,145,21,21,1.0,True,17,False,21,2.220446049250313e-16,0.15345440478398392,21
BA,34,5.0,145,20,21,1.05,False,17,False,21,2.220446049250313e-16,0.2398221401090637,21
BA,34,5.0,145,22,22,1.0,True,17,False,22,2.220446049250313e-16,5.834290055453327e-17,22
BA,39,2.0,74,16,16,1.0,True,16,True,16,0.0,8.326672684777047e-17,16
BA,39,2.0,74,19,19,1.0,True,19,True,19,2.220446049250313e-16,1.3946716882891231e-16,19
BA,39,2.0,74,18,18,1.0,True,17,False,18,0.0,3.5682801948934154e-17,18
BA,39,2.0,74,21,21,1.0,True,19,False,21,2.220446049250313e-16,1.7947386101665458e-17,21
BA,39,2.0,74,17,17,1.0,True,17,True,17,0.0,0.0,17
BA,39,2.0,74,17,17,1.0,True,17,True,17,0.0,6.801346497632953e-17,17
BA,39,2.0,74,19,19,1.0,True,18,False,19,2.220446049250313e-16,0.10047871526113447,19
BA,39,2.0,74,20,20,1.0,True,19,False,20,0.0,0.1525799073717435,20
BA,39,2.0,74,17,17,1.0,True,17,True,17,2.220446049250313e-16,5.9729337274720285e-16,17
BA,39,2.0,74,16,16,1.0,True,16,True,16,2.220446049250313e-16,0.10943328071027054,16
BA,39,5.0,170,24,24,1.0,True,19,False,24,2.220446049250313e-16,3.457697030800001e-16,24
BA,39,5.0,170,23,23,1.0,True,19,False,23,4.759777183505065e-08,0.2066296388330534,23
BA,39,5.0,170,25,27,1.08,False,19,False,27,2.220446049250313e-16,0.22130970589629698,27
BA,39,5.0,170,21,21,1.0,True,19,False,21,0.0,1.4742585785000256e-16,21
BA,39,5.0,170,23,24,1.0434782608695652,False,19,False,24,0.0,5.5511151231256964e-17,24
BA,39,5.0,170,24,24,1.0,True,19,False,24,0.0,3.0531133177191805e-16,24
BA,39,5.0,170,23,23,1.0,True,19,False,23,4.6845638479453555e-11,0.2349968105832294,23
BA,39,5.0,170,23,23,1.0,True,19,False,23,0.0,4.697352968216664e-16,23
BA,39,5.0,170,24,25,1.0416666666666667,False,19,False,25,0.0,0.18160795684904305,25
BA,39,5.0,170,24,24,1.0,True,19,False,24,0.0,0.1740696735598139,24
BA,44,2.0,84,20,20,1.0,True,20,True,20,0.0,1.625007404855962e-16,20
BA,44,2.0,84,20,20,1.0,True,20,True,20,0.0,1.5981226913074481e-16,20
BA,44,2.0,84,19,19,1.0,True,19,True,19,2.220446049250313e-16,3.03824675690966e-17,19
BA,44,2.0,84,23,23,1.0,True,22,False,23,0.0,1.7947386101665458e-17,23
BA,44,2.0,84,18,18,1.0,True,18,True,18,2.220446049250313e-16,1.110224449418281e-16,18
BA,44,2.0,84,19,19,1.0,True,19,True,19,2.220446049250313e-16,0.06794462528822015,19
BA,44,2.0,84,21,21,1.0,True,21,True,21,2.220446049250313e-16,0.13863916279043145,21
BA,44,2.0,84,24,24,1.0,True,22,False,24,2.220446049250313e-16,1.6200849649063937e-16,24
BA,44,2.0,84,20,21,1.05,False,20,False,21,0.0,3.5245152240072763e-17,21
BA,44,2.0,84,17,17,1.0,True,17,True,17,2.220446049250313e-16,0.1869908934882283,17
BA,44,5.0,195,28,28,1.0,True,22,False,28,2.220446049250313e-16,0.13437404514979376,28
BA,44,5.0,195,27,27,1.0,True,22,False,27,4.440892098500626e-16,0.2603179052520993,27
BA,44,5.0,195,26,26,1.0,True,22,False,26,4.440892098500626e-16,0.17069808816819343,26
BA,44,5.0,195,25,25,1.0,True,22,False,25,2.220446049250313e-16,6.986236855464575e-16,25
BA,44,5.0,195,25,26,1.04,False,22,False,26,0.0,1.2214828364534377e-15,26
BA,44,5.0,195,27,28,1.037037037037037,False,22,False,28,0.0,1.6000966629107783e-16,28
BA,44,5.0,195,27,28,1.037037037037037,False,22,False,28,0.0,0.15575020066355943,28
BA,44,5.0,195,25,26,1.04,False,22,False,26,0.0,0.2731445850961434,26
BA,44,5.0,195,27,27,1.0,True,22,False,27,2.220446049250313e-16,0.2585250383119101,27
BA,44,5.0,195,26,27,1.0384615384615385,False,22,False,27,2.220446049250313e-16,1.4953060673273197e-16,27
BA,49,2.0,94,21,21,1.0,True,21,True,21,0.0,0.021826713864326105,21
BA,49,2.0,94,24,24,1.0,True,24,True,24,0.0,1.2978284019440352e-16,24
BA,49,2.0,94,21,21,1.0,True,21,True,21,0.0,7.326164536597484e-17,21
BA,49,2.0,94,25,25,1.0,True,24,False,25,2.220446049250313e-16,2.4522927965285577e-16,25
BA,49,2.0,94,19,19,1.0,True,19,True,19,2.220446049250313e-16,1.2978284019440352e-16,19
BA,49,2.0,94,22,22,1.0,True,22,True,22,0.0,0.0,22
BA,49,2.0,94,22,22,1.0,True,22,True,22,4.440892098500626e-16,0.06105143711465093,22
BA,49,2.0,94,24,24,1.0,True,24,True,24,0.0,0.13438331792913144,24
BA,49,2.0,94,22,22,1.0,True,22,True,22,2.220446049250313e-16,1.66670339155877e-16,22
BA,49,2.0,94,21,21,1.0,True,21,True,21,2.220446049250313e-16,4.977796720563282e-17,21
BA,49,5.0,220,31,31,1.0,True,24,False,31,2.220446049250313e-16,1.1253082391245917e-16,31
BA,49,5.0,220,30,30,1.0,True,24,False,30,4.440892098500626e-16,0.22913561129694782,30
BA,49,5.0,220,30,30,1.0,True,24,False,30,0.0,0.08487625431711886,30
BA,49,5.0,220,27,27,1.0,True,24,False,27,0.0,0.15023061695496293,27
BA,49,5.0,220,29,30,1.0344827586206897,False,24,False,30,0.0,0.19116934138518288,30
BA,49,5.0,220,30,30,1.0,True,24,False,30,0.0,0.0,30
BA,49,5.0,220,30,31,1.0333333333333334,False,24,False,31,2.220446049250313e-16,0.2501305227882082,31
BA,49,5.0,220,30,30,1.0,True,24,False,30,2.220446049250313e-16,0.1753053265368786,30
BA,49,5.0,220,29,29,1.0,True,24,False,29,2.220446049250313e-16,0.14350284200882163,29
BA,49,5.0,220,29,31,1.0689655172413792,False,24,False,31,2.220446049250313e-16,0.12281417807912429,31
BA,54,2.0,104,23,23,1.0,True,23,True,23,0.0,9.124198603569989e-17,23
BA,54,2.0,104,26,26,1.0,True,26,True,26,0.0,3.790215840039981e-17,26
BA,54,2.0,104,24,24,1.0,True,24,True,24,0.0,0.0,24
BA,54,2.0,104,25,25,1.0,True,24,False,25,2.220446049250313e-16,0.09082740318207246,25
BA,54,2.0,104,20,20,1.0,True,20,True,20,0.0,0.0,20
BA,54,2.0,104,25,25,1.0,True,25,True,25,0.0,1.6993935346602117e-16,25
BA,54,2.0,104,25,25,1.0,True,25,True,25,2.220446049250313e-16,0.0909773761748287,25
BA,54,2.0,104,28,28,1.0,True,27,False,28,2.220446049250313e-16,0.07377723499712072,28
BA,54,2.0,104,24,24,1.0,True,24,True,24,2.220446049250313e-16,3.0874801625878466e-16,24
BA,54,2.0,104,23,23,1.0,True,23,True,23,0.0,0.0,23
BA,54,5.0,245,35,35,1.0,True,27,False,35,2.220446049250313e-16,1.1253082391245917e-16,35
BA,54,5.0,245,33,33,1.0,True,27,False,33,2.220446049250313e-16,0.22473831419051699,33
BA,54,5.0,245,32,33,1.03125,False,27,False,33,0.0,0.1995915725792303,33
BA,54,5.0,245,31,31,1.0,True,27,False,31,0.0,0.11890696745682665,31
BA,54,5.0,245,32,32,1.0,True,27,False,32,2.220446049250313e-16,9.558225539508211e-17,32
BA,54,5.0,245,32,32,1.0,True,27,False,32,2.220446049250313e-16,1.012141129485522e-16,32
BA,54,5.0,245,33,33,1.0,True,27,False,33,2.220446049250313e-16,0.20647155085643476,33
BA,54,5.0,245,32,32,1.0,True,27,False,32,2.220446049250313e-16,5.045280763161745e-16,32
BA,54,5.0,245,32,33,1.03125,False,27,False,33,2.220446049250313e-16,0.217591717978751,33
BA,54,5.0,245,32,32,1.0,True,27,False,32,6.636376159718793e-08,0.1695926091351621,32
REG,4,,4,2,2,1.0,True,2,True,2,2.220446049250313e-16,0.9999999999999998,2
REG,9,,9,5,5,1.0,True,4,False,5,0.0,0.09903113209758077,5
REG,9,,18,6,6,1.0,True,4,False,6,0.0,0.4226497308103747,6
REG,14,,14,7,7,1.0,True,7,True,7,0.0,0.034074173710931854,7
REG,14,,21,8,8,1.0,True,7,False,8,0.0,4.958180673169087e-16,8
REG,14,,49,10,10,1.0,True,7,False,10,2.220446049250313e-16,0.5410203624005999,10
REG,19,,19,10,10,1.0,True,9,False,10,0.0,0.017026900316098385,10
REG,19,,38,12,11,0.9166666666666666,False,9,False,11,0.0,0.1947066958334536,11
REG,24,,24,12,12,1.0,True,12,True,12,0.0,0.010178558119067021,12
REG,24,,72,16,17,1.0625,False,12,False,17,0.0,0.2307294399361645,17
REG,24,,144,19,20,1.0526315789473684,False,12,False,20,0.0,0.49999999999999983,20
REG,29,,29,15,15,1.0,True,14,False,15,0.0,0.0067616422580572995,15
REG,29,,203,23,24,1.0434782608695652,False,14,False,24,2.220446049250313e-16,0.47688233446283707,24
REG,34,,34,17,17,1.0,True,17,True,17,0.0,0.00481527332780303,17
REG,34,,136,24,25,1.0416666666666667,False,17,False,25,2.220446049250313e-16,0.3388380624973069,25
REG,34,,289,29,29,1.0,True,17,False,29,2.220446049250313e-16,0.49999999999999983,29
REG,39,,39,20,20,1.0,True,19,False,20,0.0,0.003602511457473536,20
REG,44,,44,22,22,1.0,True,22,True,22,0.0,0.0027962028188206135,22
REG,44,,242,33,34,1.0303030303030303,False,22,False,34,2.220446049250313e-16,0.2309604349735031,34
REG,44,,484,38,39,1.0263157894736843,False,22,False,39,2.220446049250313e-16,0.526895117429754,39
REG,49,,49,25,25,1.0,True,24,False,25,0.0,0.002233121376846385,25
REG,49,,294,38,38,1.0,True,24,False,38,2.220446049250313e-16,0.29289321881345226,38
REG,49,,588,42,44,1.0476190476190477,False,24,False,44,2.220446049250313e-16,0.5657414540893355,44
REG,54,,54,27,27,1.0,True,27,True,27,0.0,0.0018244457766829509,27
REG,54,,351,42,43,1.0238095238095237,False,27,False,43,2.220446049250313e-16,0.38763586548678436,43
REG,54,,729,47,47,1.0,True,27,False,47,2.220446049250313e-16,0.5147523915874457,47
