graph_type,num_nodes,param,num_edges,milp_ref,size_fixed,ratio_fixed,opt_fixed,size_adaptive,ratio_adaptive,opt_adaptive,n_adapted,n_steps,mean_t_used,mean_delta
ER,4,0.3,4,2,2,1.0,True,2,1.0,True,1,2,0.255,0.028614333259752545
ER,4,0.3,4,2,2,1.0,True,2,1.0,True,1,2,0.255,0.028614333259752545
ER,4,0.3,4,2,2,1.0,True,2,1.0,True,1,2,0.255,0.028614333259752545
ER,4,0.3,4,2,2,1.0,True,2,1.0,True,1,2,0.255,0.028614333259752545
ER,4,0.3,4,2,2,1.0,True,2,1.0,True,1,2,0.255,0.028614333259752545
ER,4,0.3,4,2,2,1.0,True,2,1.0,True,1,2,0.255,0.028614333259752878
ER,4,0.3,4,2,2,1.0,True,2,1.0,True,1,2,0.255,0.028614333259752878
ER,4,0.3,4,2,2,1.0,True,2,1.0,True,1,2,0.255,0.028614333259752878
ER,4,0.3,4,2,2,1.0,True,2,1.0,True,1,2,0.255,0.028614333259752878
ER,4,0.3,3,2,2,1.0,True,2,1.0,True,1,2,0.015,3.3306690738754696e-16
ER,4,0.5,3,2,2,1.0,True,2,1.0,True,1,2,0.255,4.440892098500626e-16
ER,4,0.5,4,2,2,1.0,True,2,1.0,True,1,2,0.255,0.028614333259752323
ER,4,0.5,3,2,2,1.0,True,2,1.0,True,1,2,0.015,3.3306690738754696e-16
ER,4,0.5,3,2,2,1.0,True,2,1.0,True,1,2,0.015,3.3306690738754696e-16
ER,4,0.5,6,3,3,1.0,True,3,1.0,True,1,3,0.34,3.3306690738754696e-16
ER,4,0.5,3,2,2,1.0,True,2,1.0,True,0,2,0.01,4.440892098500626e-16
ER,4,0.5,3,2,2,1.0,True,2,1.0,True,0,2,0.01,4.440892098500626e-16
ER,4,0.5,4,2,2,1.0,True,2,1.0,True,1,2,0.255,0.028614333259752767
ER,4,0.5,4,2,2,1.0,True,2,1.0,True,1,2,0.255,0.028614333259752878
ER,4,0.5,4,2,2,1.0,True,2,1.0,True,1,2,0.255,0.028614333259752656
ER,4,0.7,4,2,2,1.0,True,2,1.0,True,1,2,0.255,0.028614333259752434
ER,4,0.7,4,2,2,1.0,True,2,1.0,True,1,2,0.255,0.028614333259752323
ER,4,0.7,6,3,3,1.0,True,3,1.0,True,1,3,0.34,3.3306690738754696e-16
ER,4,0.7,6,3,3,1.0,True,3,1.0,True,1,3,0.34,3.3306690738754696e-16
ER,4,0.7,6,3,3,1.0,True,3,1.0,True,1,3,0.34,3.3306690738754696e-16
ER,4,0.7,4,2,2,1.0,True,2,1.0,True,1,2,0.255,0.028614333259752434
ER,4,0.7,4,2,2,1.0,True,2,1.0,True,1,2,0.255,0.028614333259752434
ER,4,0.7,6,3,3,1.0,True,3,1.0,True,1,3,0.34,3.3306690738754696e-16
ER,4,0.7,4,2,2,1.0,True,2,1.0,True,1,2,0.255,0.028614333259752878
ER,4,0.7,5,2,2,1.0,True,2,1.0,True,2,2,0.275,0.05558895812231712
ER,9,0.3,16,5,5,1.0,True,5,1.0,True,4,5,1.1019999999999999,0.04173084435606569
ER,9,0.3,16,5,5,1.0,True,5,1.0,True,4,5,1.1019999999999999,0.04173084435606569
ER,9,0.3,13,4,4,1.0,True,4,1.0,True,4,4,0.75,0.08171315684686403
ER,9,0.3,13,4,4,1.0,True,4,1.0,True,4,4,0.75,0.08171315684686403
ER,9,0.3,13,4,4,1.0,True,4,1.0,True,4,4,0.75,0.08171315684686403
ER,9,0.3,13,5,5,1.0,True,5,1.0,True,2,5,0.306,0.028279298244878757
ER,9,0.3,10,4,4,1.0,True,4,1.0,True,3,4,0.5275,0.033230465326369085
ER,9,0.3,16,5,5,1.0,True,5,1.0,True,4,5,0.9019999999999999,0.07237093266803922
ER,9,0.3,15,5,5,1.0,True,5,1.0,True,4,5,0.40599999999999997,0.026895185511219676
ER,9,0.3,14,4,4,1.0,True,4,1.0,True,4,4,0.875,0.07774056323216019
ER,9,0.5,14,5,5,1.0,True,5,1.0,True,5,5,1.3,0.06865792644248118
ER,9,0.5,25,6,6,1.0,True,6,1.0,True,6,6,1.0033333333333332,0.03835917838276224
ER,9,0.5,18,6,6,1.0,True,6,1.0,True,5,6,1.0016666666666667,0.03859452921540459
ER,9,0.5,15,5,5,1.0,True,5,1.0,True,4,5,1.1019999999999999,0.03748021853646355
ER,9,0.5,18,5,5,1.0,True,5,1.0,True,4,5,1.1019999999999999,0.03841610503126458
ER,9,0.5,15,5,5,1.0,True,5,1.0,True,5,5,1.1400000000000001,0.04627378853288773
ER,9,0.5,16,5,5,1.0,True,5,1.0,True,4,5,0.8219999999999998,0.033883688509312115
ER,9,0.5,23,6,6,1.0,True,6,1.0,True,5,6,0.505,0.01746776953478531
ER,9,0.5,23,6,6,1.0,True,6,1.0,True,4,6,0.9199999999999999,0.03647668928137047
ER,9,0.5,20,6,6,1.0,True,6,1.0,True,4,6,0.59,0.01981657582543263
ER,9,0.7,21,6,6,1.0,True,6,1.0,True,4,6,0.8366666666666666,0.04314120259638624
ER,9,0.7,27,6,6,1.0,True,6,1.0,True,5,6,0.835,0.030269280247974966
ER,9,0.7,27,7,7,1.0,True,7,1.0,True,5,7,0.9314285714285714,0.02431411007128324
ER,9,0.7,23,6,6,1.0,True,6,1.0,True,5,6,1.1683333333333332,0.04505027838302739
ER,9,0.7,24,6,6,1.0,True,6,1.0,True,5,6,0.9266666666666666,0.030109525903372607
ER,9,0.7,22,6,6,1.0,True,6,1.0,True,4,6,0.9199999999999999,0.016761013588244833
ER,9,0.7,24,6,6,1.0,True,6,1.0,True,6,6,1.2583333333333333,0.042515106273072555
ER,9,0.7,31,7,7,1.0,True,7,1.0,True,5,7,0.44142857142857134,0.006132250033716392
ER,9,0.7,29,6,6,1.0,True,6,1.0,True,5,6,0.46833333333333327,0.025118981215619618
ER,9,0.7,26,6,6,1.0,True,7,1.1666666666666667,False,5,7,0.7171428571428571,0.021251050201823923
ER,14,0.3,20,6,6,1.0,True,6,1.0,True,6,6,1.0833333333333333,0.10749525515658816
ER,14,0.3,20,6,6,1.0,True,6,1.0,True,6,6,1.0833333333333333,0.10749525515658816
ER,14,0.3,20,6,6,1.0,True,6,1.0,True,6,6,1.0833333333333333,0.10749525515658816
ER,14,0.3,23,7,7,1.0,True,7,1.0,True,6,7,1.2871428571428571,0.03144470930281281
ER,14,0.3,30,9,9,1.0,True,9,1.0,True,8,9,1.1677777777777778,0.0454877569926455
ER,14,0.3,29,9,9,1.0,True,9,1.0,True,7,9,1.1133333333333333,0.03587671868661075
ER,14,0.3,22,8,8,1.0,True,8,1.0,True,7,8,0.93875,0.04831923340581029
ER,14,0.3,31,8,8,1.0,True,8,1.0,True,7,8,1.12625,0.04507337164840154
ER,14,0.3,34,8,8,1.0,True,8,1.0,True,7,8,1.43875,0.06269246164225889
ER,14,0.3,33,9,9,1.0,True,9,1.0,True,9,9,1.0611111111111111,0.05734612234737519
ER,14,0.5,34,8,8,1.0,True,8,1.0,True,8,8,0.95,0.04754027550008208
ER,14,0.5,45,9,9,1.0,True,9,1.0,True,8,9,1.1144444444444443,0.029705039926146752
ER,14,0.5,37,9,9,1.0,True,9,1.0,True,8,9,1.12,0.03545348533519134
ER,14,0.5,38,9,9,1.0,True,9,1.0,True,8,9,1.0677777777777777,0.05038396567208573
ER,14,0.5,47,10,10,1.0,True,10,1.0,True,10,10,1.25,0.0424046806484719
ER,14,0.5,43,10,10,1.0,True,10,1.0,True,9,10,1.351,0.04097386842723048
ER,14,0.5,42,9,9,1.0,True,9,1.0,True,9,9,1.3944444444444446,0.046000313766314666
ER,14,0.5,50,10,10,1.0,True,10,1.0,True,10,10,1.47,0.043766144612862413
ER,14,0.5,54,10,11,1.1,False,11,1.1,False,10,11,1.2827272727272727,0.025709723984699586
ER,14,0.5,49,9,9,1.0,True,9,1.0,True,9,9,1.5,0.05730926188128397
ER,14,0.7,55,10,10,1.0,True,10,1.0,True,10,10,1.452,0.03674009770727514
ER,14,0.7,63,10,10,1.0,True,10,1.0,True,8,10,1.302,0.025954445366616917
ER,14,0.7,57,10,10,1.0,True,10,1.0,True,7,10,1.053,0.029257504614785757
ER,14,0.7,58,10,10,1.0,True,10,1.0,True,10,10,1.105,0.035678914385879536
ER,14,0.7,63,11,11,1.0,True,11,1.0,True,10,11,1.3827272727272726,0.022933960050918464
ER,14,0.7,57,10,10,1.0,True,10,1.0,True,9,10,1.251,0.033988858476296804
ER,14,0.7,61,11,11,1.0,True,11,1.0,True,9,11,1.0109090909090908,0.02426800044029406
ER,14,0.7,72,10,10,1.0,True,10,1.0,True,9,10,0.978,0.02826255773349571
ER,14,0.7,68,11,11,1.0,True,11,1.0,True,11,11,0.979090909090909,0.02347504151949862
ER,14,0.7,68,11,12,1.0909090909090908,False,12,1.0909090909090908,False,9,12,0.7974999999999999,0.010497449153037056
ER,19,0.3,44,12,12,1.0,True,12,1.0,True,11,12,1.5008333333333335,0.04438606449080441
ER,19,0.3,54,12,12,1.0,True,12,1.0,True,10,12,1.085,0.05027096383853496
ER,19,0.3,51,11,11,1.0,True,11,1.0,True,11,11,1.6818181818181819,0.06678835185216608
ER,19,0.3,43,11,12,1.0909090909090908,False,12,1.0909090909090908,False,10,12,1.2933333333333332,0.03455108227812159
ER,19,0.3,61,11,11,1.0,True,11,1.0,True,11,11,1.4090909090909092,0.06466040421079106
ER,19,0.3,49,12,12,1.0,True,12,1.0,True,12,12,1.4166666666666667,0.05084845750286599
ER,19,0.3,45,11,11,1.0,True,11,1.0,True,10,11,1.41,0.045195173743783186
ER,19,0.3,62,13,13,1.0,True,13,1.0,True,12,13,1.2330769230769232,0.04142288295777271
ER,19,0.3,57,12,12,1.0,True,12,1.0,True,10,12,1.3350000000000002,0.02920996622485042
ER,19,0.3,60,13,13,1.0,True,13,1.0,True,12,13,1.3546153846153848,0.04240883524183291
ER,19,0.5,75,13,13,1.0,True,13,1.0,True,13,13,1.4230769230769231,0.044347288834554896
ER,19,0.5,86,13,13,1.0,True,13,1.0,True,13,13,1.276923076923077,0.04032905406048935
ER,19,0.5,81,14,14,1.0,True,14,1.0,True,12,14,1.3585714285714288,0.029300544276565
ER,19,0.5,80,13,13,1.0,True,13,1.0,True,13,13,1.3476923076923077,0.03989471698300561
ER,19,0.5,91,14,14,1.0,True,14,1.0,True,14,14,1.2514285714285713,0.03516628420706202
ER,19,0.5,83,14,14,1.0,True,14,1.0,True,13,14,1.4292857142857145,0.030752415192645297
ER,19,0.5,86,14,14,1.0,True,14,1.0,True,13,14,1.3935714285714287,0.029192722358032743
ER,19,0.5,97,14,14,1.0,True,14,1.0,True,14,14,1.4657142857142857,0.040301171104116906
ER,19,0.5,92,13,13,1.0,True,13,1.0,True,12,13,1.3084615384615386,0.031051269812718704
ER,19,0.5,93,15,15,1.0,True,15,1.0,True,13,15,1.3013333333333335,0.023155936212247905
ER,19,0.7,115,15,15,1.0,True,15,1.0,True,14,15,1.304,0.01586737677971206
ER,19,0.7,123,15,16,1.0666666666666667,False,16,1.0666666666666667,False,15,16,1.4381249999999999,0.01750287198402624
ER,19,0.7,115,15,15,1.0,True,15,1.0,True,14,15,1.4040000000000001,0.026531406134271622
ER,19,0.7,120,15,15,1.0,True,15,1.0,True,14,15,1.370666666666667,0.020972699264664687
ER,19,0.7,118,15,16,1.0666666666666667,False,15,1.0,True,15,15,1.2933333333333332,0.02423628483249162
ER,19,0.7,111,15,15,1.0,True,15,1.0,True,14,15,1.4406666666666668,0.0200038944329551
ER,19,0.7,117,15,15,1.0,True,15,1.0,True,15,15,1.5133333333333332,0.02813650075708669
ER,19,0.7,132,15,16,1.0666666666666667,False,16,1.0666666666666667,False,14,16,1.0975,0.014184376701672649
ER,19,0.7,120,15,15,1.0,True,15,1.0,True,14,15,1.5006666666666668,0.019602336095343335
ER,19,0.7,125,16,16,1.0,True,16,1.0,True,16,16,1.3937499999999998,0.015490707889663238
ER,24,0.3,74,15,15,1.0,True,15,1.0,True,14,15,1.534,0.04284966285152947
ER,24,0.3,88,16,16,1.0,True,16,1.0,True,16,16,1.54375,0.052851069295044864
ER,24,0.3,86,16,16,1.0,True,16,1.0,True,16,16,1.440625,0.0404544308772975
ER,24,0.3,74,16,16,1.0,True,16,1.0,True,16,16,1.50125,0.04763316422021382
ER,24,0.3,88,15,16,1.0666666666666667,False,15,1.0,True,15,15,1.5,0.04821148348647735
ER,24,0.3,77,16,16,1.0,True,16,1.0,True,16,16,1.345,0.05407326891234383
ER,24,0.3,82,16,16,1.0,True,16,1.0,True,15,16,1.4693749999999999,0.05015309574078087
ER,24,0.3,92,16,16,1.0,True,16,1.0,True,14,16,1.47,0.0438059998553708
ER,24,0.3,82,16,16,1.0,True,16,1.0,True,15,16,1.5631249999999999,0.05783967659072268
ER,24,0.3,93,17,17,1.0,True,17,1.0,True,16,17,1.325294117647059,0.034783498580365085
ER,24,0.5,128,18,18,1.0,True,18,1.0,True,17,18,1.583888888888889,0.03427428053258109
ER,24,0.5,139,18,18,1.0,True,19,1.0555555555555556,False,18,19,1.6057894736842107,0.02509255205644217
ER,24,0.5,140,18,18,1.0,True,19,1.0555555555555556,False,17,19,1.4231578947368422,0.016464012512651557
ER,24,0.5,135,18,18,1.0,True,18,1.0,True,17,18,1.3727777777777777,0.029989483765282696
ER,24,0.5,141,18,18,1.0,True,19,1.0555555555555556,False,18,19,1.2910526315789475,0.018863679873243083
ER,24,0.5,135,18,18,1.0,True,18,1.0,True,18,18,1.4305555555555556,0.03134716396465998
ER,24,0.5,142,18,19,1.0555555555555556,False,19,1.0555555555555556,False,18,19,1.4268421052631581,0.027414856119817654
ER,24,0.5,145,19,19,1.0,True,19,1.0,True,17,19,1.4747368421052633,0.022160829827480272
ER,24,0.5,138,18,18,1.0,True,18,1.0,True,17,18,1.3405555555555557,0.02958905246466942
ER,24,0.5,148,19,19,1.0,True,19,1.0,True,18,19,1.6321052631578947,0.03282646534652421
ER,24,0.7,189,19,19,1.0,True,20,1.0526315789473684,False,18,20,1.451,0.016268631897806734
ER,24,0.7,189,20,20,1.0,True,20,1.0,True,19,20,1.4115,0.01350272549685449
ER,24,0.7,195,20,20,1.0,True,20,1.0,True,20,20,1.6,0.019528075908318517
ER,24,0.7,193,19,19,1.0,True,19,1.0,True,19,19,1.5105263157894737,0.023852582369737946
ER,24,0.7,187,20,20,1.0,True,20,1.0,True,20,20,1.5325000000000002,0.016269829465561225
ER,24,0.7,188,20,20,1.0,True,20,1.0,True,19,20,1.488,0.013681135820749485
ER,24,0.7,192,19,19,1.0,True,19,1.0,True,18,19,1.4489473684210525,0.01962903601924017
ER,24,0.7,200,20,20,1.0,True,20,1.0,True,17,20,1.5265,0.015275151896657502
ER,24,0.7,183,20,20,1.0,True,20,1.0,True,19,20,1.5515,0.01638208015499547
ER,24,0.7,201,20,20,1.0,True,20,1.0,True,19,20,1.5505,0.013524694346026623
ER,29,0.3,112,20,20,1.0,True,20,1.0,True,19,20,1.4505000000000001,0.03123196488305071
ER,29,0.3,131,20,20,1.0,True,20,1.0,True,20,20,1.6,0.0354718579483376
ER,29,0.3,117,20,20,1.0,True,20,1.0,True,19,20,1.4105,0.04883591603874487
ER,29,0.3,112,21,21,1.0,True,21,1.0,True,20,21,1.4538095238095239,0.039650070335584736
ER,29,0.3,124,20,20,1.0,True,20,1.0,True,19,20,1.6004999999999998,0.030737595705503468
ER,29,0.3,119,19,20,1.0526315789473684,False,20,1.0526315789473684,False,20,20,1.575,0.04948180857607406
ER,29,0.3,121,20,21,1.05,False,21,1.05,False,19,21,1.405714285714286,0.03687319722332135
ER,29,0.3,138,20,20,1.0,True,20,1.0,True,20,20,1.6300000000000001,0.037660485195696876
ER,29,0.3,114,20,20,1.0,True,20,1.0,True,20,20,1.675,0.044669186711620026
ER,29,0.3,134,21,21,1.0,True,21,1.0,True,21,21,1.6904761904761905,0.04059806572850603
ER,29,0.5,196,23,24,1.0434782608695652,False,23,1.0,True,23,23,1.673913043478261,0.030826514601173863
ER,29,0.5,208,23,23,1.0,True,23,1.0,True,22,23,1.5221739130434782,0.02895812706065463
ER,29,0.5,198,23,23,1.0,True,23,1.0,True,23,23,1.7608695652173914,0.034099840649813085
ER,29,0.5,199,22,23,1.0454545454545454,False,23,1.0454545454545454,False,22,23,1.4578260869565218,0.02448928211651659
ER,29,0.5,198,22,22,1.0,True,22,1.0,True,21,22,1.5254545454545452,0.03508776688190041
ER,29,0.5,200,22,22,1.0,True,22,1.0,True,22,22,1.5681818181818181,0.03378990320317458
ER,29,0.5,199,22,22,1.0,True,22,1.0,True,22,22,1.5772727272727274,0.02606305930804563
ER,29,0.5,215,22,23,1.0454545454545454,False,23,1.0454545454545454,False,22,23,1.544782608695652,0.019329155816607744
ER,29,0.5,201,23,23,1.0,True,23,1.0,True,22,23,1.587391304347826,0.03522853052936372
ER,29,0.5,209,23,23,1.0,True,23,1.0,True,22,23,1.6308695652173912,0.02580041141569205
ER,29,0.7,281,25,25,1.0,True,25,1.0,True,24,25,1.5411999999999997,0.01565575626402901
ER,29,0.7,287,24,24,1.0,True,25,1.0416666666666667,False,23,25,1.3928,0.010937995860427185
ER,29,0.7,280,25,25,1.0,True,25,1.0,True,23,25,1.4407999999999999,0.012038053929559438
ER,29,0.7,281,24,24,1.0,True,24,1.0,True,24,24,1.5633333333333332,0.017535724810921985
ER,29,0.7,268,25,25,1.0,True,25,1.0,True,23,25,1.5008,0.009412895116888214
ER,29,0.7,282,24,24,1.0,True,25,1.0416666666666667,False,23,25,1.5008,0.010606718560468091
ER,29,0.7,274,25,25,1.0,True,25,1.0,True,24,25,1.4844,0.016479445191062946
ER,29,0.7,293,25,25,1.0,True,25,1.0,True,24,25,1.5411999999999997,0.013414702639720777
ER,29,0.7,275,24,24,1.0,True,24,1.0,True,24,24,1.6895833333333332,0.020976663770208553
ER,29,0.7,292,25,25,1.0,True,25,1.0,True,24,25,1.6003999999999998,0.0090054923036138
ER,34,0.3,161,24,25,1.0416666666666667,False,24,1.0,True,23,24,1.4379166666666665,0.04232940026974319
ER,34,0.3,165,25,25,1.0,True,25,1.0,True,24,25,1.4804,0.040500142900684794
ER,34,0.3,163,24,24,1.0,True,24,1.0,True,23,24,1.6045833333333333,0.047487643037000225
ER,34,0.3,155,24,24,1.0,True,24,1.0,True,23,24,1.5879166666666666,0.033052481911464586
ER,34,0.3,173,24,24,1.0,True,24,1.0,True,24,24,1.6458333333333333,0.044436801558143245
ER,34,0.3,180,25,25,1.0,True,25,1.0,True,23,25,1.6407999999999998,0.03713665673750927
ER,34,0.3,177,25,25,1.0,True,25,1.0,True,23,25,1.6007999999999998,0.03597651655962233
ER,34,0.3,187,25,25,1.0,True,25,1.0,True,24,25,1.6411999999999998,0.03559118837786698
ER,34,0.3,148,23,23,1.0,True,23,1.0,True,23,23,1.673913043478261,0.048963511993250136
ER,34,0.3,180,25,26,1.04,False,26,1.04,False,25,26,1.5984615384615384,0.03447034372453688
ER,34,0.5,279,27,28,1.037037037037037,False,27,1.0,True,27,27,1.6925925925925926,0.029710542974400664
ER,34,0.5,271,27,27,1.0,True,28,1.037037037037037,False,28,28,1.644642857142857,0.023023236549026934
ER,34,0.5,281,27,27,1.0,True,27,1.0,True,27,27,1.7962962962962963,0.02952531822811293
ER,34,0.5,270,27,27,1.0,True,27,1.0,True,27,27,1.6851851851851851,0.035286580975619125
ER,34,0.5,269,27,28,1.037037037037037,False,27,1.0,True,27,27,1.6185185185185187,0.024374504785561205
ER,34,0.5,296,28,28,1.0,True,29,1.0357142857142858,False,28,29,1.64,0.019663854303314944
ER,34,0.5,287,28,28,1.0,True,28,1.0,True,28,28,1.59,0.021604291643363565
ER,34,0.5,293,28,28,1.0,True,28,1.0,True,27,28,1.7503571428571427,0.02363454332992141
ER,34,0.5,266,27,27,1.0,True,27,1.0,True,26,27,1.5188888888888887,0.015230223244551177
ER,34,0.5,284,27,27,1.0,True,27,1.0,True,26,27,1.6670370370370369,0.0160743153033063
ER,34,0.7,387,29,29,1.0,True,29,1.0,True,27,29,1.6041379310344825,0.010751025965462326
ER,34,0.7,386,29,29,1.0,True,30,1.0344827586206897,False,28,30,1.4873333333333332,0.009077640921655316
ER,34,0.7,389,30,30,1.0,True,30,1.0,True,29,30,1.567,0.009761501085004431
ER,34,0.7,390,30,30,1.0,True,31,1.0333333333333334,False,29,31,1.4867741935483867,0.008760749325251171
ER,34,0.7,371,29,30,1.0344827586206897,False,29,1.0,True,29,29,1.536896551724138,0.01673661997450018
ER,34,0.7,403,30,30,1.0,True,30,1.0,True,27,30,1.3866666666666667,0.007384312463655159
ER,34,0.7,392,30,30,1.0,True,30,1.0,True,27,30,1.5376666666666665,0.010878960492538359
ER,34,0.7,404,29,30,1.0344827586206897,False,29,1.0,True,29,29,1.6224137931034481,0.016069139499737473
ER,34,0.7,386,29,29,1.0,True,29,1.0,True,28,29,1.507241379310345,0.013151905356771453
ER,34,0.7,402,30,30,1.0,True,31,1.0333333333333334,False,28,31,1.4687096774193547,0.009809414297773045
ER,39,0.3,216,29,29,1.0,True,29,1.0,True,27,29,1.5351724137931033,0.04235677005671481
ER,39,0.3,219,28,28,1.0,True,28,1.0,True,28,28,1.7339285714285713,0.048416698465803466
ER,39,0.3,217,27,27,1.0,True,27,1.0,True,26,27,1.704074074074074,0.0411677805290443
ER,39,0.3,222,28,29,1.0357142857142858,False,29,1.0357142857142858,False,28,29,1.6244827586206896,0.029059596774345695
ER,39,0.3,229,29,29,1.0,True,29,1.0,True,29,29,1.6551724137931034,0.04071796528513569
ER,39,0.3,228,29,30,1.0344827586206897,False,30,1.0344827586206897,False,29,30,1.5176666666666667,0.03222801148441509
ER,39,0.3,223,29,29,1.0,True,29,1.0,True,28,29,1.69,0.04292157997502435
ER,39,0.3,250,30,30,1.0,True,30,1.0,True,29,30,1.7169999999999999,0.02822317734639525
ER,39,0.3,200,28,29,1.0357142857142858,False,29,1.0357142857142858,False,29,29,1.5524137931034483,0.039847403420049846
ER,39,0.3,243,30,30,1.0,True,30,1.0,True,30,30,1.75,0.03921851401415565
ER,39,0.5,376,31,31,1.0,True,31,1.0,True,31,31,1.6935483870967742,0.028380163726972777
ER,39,0.5,359,32,32,1.0,True,32,1.0,True,32,32,1.640625,0.0228373899941115
ER,39,0.5,374,32,32,1.0,True,33,1.03125,False,32,33,1.6084848484848484,0.01719596293174111
ER,39,0.5,376,31,31,1.0,True,31,1.0,True,31,31,1.6361290322580646,0.021622784760611326
ER,39,0.5,365,32,33,1.03125,False,32,1.0,True,31,32,1.5940625,0.02089993626186267
ER,39,0.5,381,33,33,1.0,True,33,1.0,True,31,33,1.667878787878788,0.02008960765591486
ER,39,0.5,379,32,33,1.03125,False,33,1.03125,False,32,33,1.5609090909090908,0.014962663515002124
ER,39,0.5,391,32,32,1.0,True,32,1.0,True,31,32,1.595625,0.024065201397842188
ER,39,0.5,347,32,33,1.03125,False,33,1.03125,False,32,33,1.6972727272727273,0.02167206360391366
ER,39,0.5,382,32,32,1.0,True,33,1.03125,False,33,33,1.6818181818181819,0.020720670662739672
ER,39,0.7,524,34,34,1.0,True,35,1.0294117647058822,False,33,35,1.6005714285714285,0.01072068316434358
ER,39,0.7,508,34,34,1.0,True,34,1.0,True,33,34,1.559705882352941,0.014758322047010644
ER,39,0.7,523,34,34,1.0,True,35,1.0294117647058822,False,34,35,1.6442857142857144,0.010395733531594
ER,39,0.7,521,34,34,1.0,True,34,1.0,True,34,34,1.516764705882353,0.011426557422942704
ER,39,0.7,504,34,35,1.0294117647058822,False,35,1.0294117647058822,False,34,35,1.478,0.011770014897628522
ER,39,0.7,525,34,34,1.0,True,36,1.0588235294117647,False,35,36,1.3641666666666667,0.007782331140320693
ER,39,0.7,529,35,35,1.0,True,35,1.0,True,35,35,1.6497142857142857,0.010976050819454098
ER,39,0.7,530,34,35,1.0294117647058822,False,35,1.0294117647058822,False,35,35,1.7077142857142857,0.008512496360920765
ER,39,0.7,512,34,34,1.0,True,34,1.0,True,34,34,1.5747058823529412,0.01075352968947713
ER,39,0.7,528,35,35,1.0,True,35,1.0,True,32,35,1.5451428571428572,0.0059835866597245605
ER,44,0.3,285,33,33,1.0,True,33,1.0,True,32,33,1.6518181818181819,0.03174780782928708
ER,44,0.3,265,33,33,1.0,True,33,1.0,True,32,33,1.6366666666666667,0.04247730926075581
ER,44,0.3,265,32,33,1.03125,False,33,1.03125,False,31,33,1.6066666666666665,0.02913931147394473
ER,44,0.3,287,34,34,1.0,True,34,1.0,True,33,34,1.6355882352941176,0.0295370193097474
ER,44,0.3,289,32,33,1.03125,False,33,1.03125,False,33,33,1.6224242424242423,0.036025169501393575
ER,44,0.3,294,33,33,1.0,True,33,1.0,True,32,33,1.6978787878787878,0.02262860503758865
ER,44,0.3,296,34,34,1.0,True,34,1.0,True,34,34,1.6911764705882353,0.0368774940114295
ER,44,0.3,319,35,35,1.0,True,35,1.0,True,34,35,1.6145714285714285,0.02557280369079612
ER,44,0.3,264,33,33,1.0,True,33,1.0,True,32,33,1.7124242424242424,0.03772329892962887
ER,44,0.3,313,34,34,1.0,True,34,1.0,True,34,34,1.6344117647058822,0.03563184758891784
ER,44,0.5,487,37,37,1.0,True,37,1.0,True,36,37,1.7570270270270272,0.017064747987695094
ER,44,0.5,448,36,37,1.0277777777777777,False,36,1.0,True,36,36,1.6805555555555556,0.024803796218347104
ER,44,0.5,466,37,38,1.027027027027027,False,38,1.027027027027027,False,37,38,1.671315789473684,0.015995998496113308
ER,44,0.5,481,37,37,1.0,True,38,1.027027027027027,False,37,38,1.671315789473684,0.016954930703904452
ER,44,0.5,463,37,37,1.0,True,37,1.0,True,37,37,1.7162162162162162,0.017084081711746055
ER,44,0.5,492,37,37,1.0,True,37,1.0,True,37,37,1.7297297297297298,0.023031258033408764
ER,44,0.5,484,38,38,1.0,True,38,1.0,True,37,38,1.6844736842105263,0.01884359559494213
ER,44,0.5,506,37,37,1.0,True,37,1.0,True,36,37,1.7035135135135135,0.017634350862510584
ER,44,0.5,468,37,37,1.0,True,37,1.0,True,36,37,1.7035135135135135,0.022311776311674858
ER,44,0.5,490,37,37,1.0,True,37,1.0,True,37,37,1.6945945945945946,0.02322691673366916
ER,44,0.7,672,39,40,1.0256410256410255,False,40,1.0256410256410255,False,39,40,1.5765,0.009600784137103278
ER,44,0.7,638,39,39,1.0,True,40,1.0256410256410255,False,39,40,1.6252499999999999,0.00908142491202282
ER,44,0.7,665,39,39,1.0,True,41,1.0512820512820513,False,39,41,1.5858536585365852,0.007508158023715703
ER,44,0.7,661,40,40,1.0,True,40,1.0,True,39,40,1.65525,0.00885701155402877
ER,44,0.7,635,38,38,1.0,True,39,1.0263157894736843,False,37,39,1.554871794871795,0.012424781680668474
ER,44,0.7,672,39,39,1.0,True,39,1.0,True,38,39,1.5656410256410256,0.013873223375507445
ER,44,0.7,675,39,39,1.0,True,40,1.0256410256410255,False,39,40,1.5282499999999999,0.007360883993972653
ER,44,0.7,673,39,39,1.0,True,41,1.0512820512820513,False,40,41,1.4185365853658534,0.004944817832692104
ER,44,0.7,665,39,39,1.0,True,40,1.0256410256410255,False,38,40,1.57925,0.008727287240248086
ER,44,0.7,678,39,39,1.0,True,40,1.0256410256410255,False,40,40,1.576,0.00926685099180866
ER,49,0.3,347,38,39,1.0263157894736843,False,39,1.0263157894736843,False,37,39,1.7184615384615387,0.03331322809183834
ER,49,0.3,334,37,39,1.054054054054054,False,38,1.027027027027027,False,37,38,1.7244736842105264,0.027691788150421674
ER,49,0.3,341,37,37,1.0,True,37,1.0,True,36,37,1.7164864864864864,0.037714336814312424
ER,49,0.3,355,38,38,1.0,True,38,1.0,True,38,38,1.7421052631578948,0.026299147760003486
ER,49,0.3,351,38,38,1.0,True,38,1.0,True,37,38,1.671315789473684,0.028760404279912503
ER,49,0.3,374,39,39,1.0,True,39,1.0,True,38,39,1.6028205128205129,0.02804257950854167
ER,49,0.3,365,37,38,1.027027027027027,False,38,1.027027027027027,False,37,38,1.7897368421052633,0.03008504613924776
ER,49,0.3,392,39,39,1.0,True,39,1.0,True,38,39,1.669230769230769,0.019747654451140184
ER,49,0.3,330,37,37,1.0,True,37,1.0,True,35,37,1.5416216216216216,0.03025141284637084
ER,49,0.3,366,38,38,1.0,True,39,1.0263157894736843,False,39,39,1.6538461538461537,0.032501279155891995
ER,49,0.5,587,41,42,1.024390243902439,False,42,1.024390243902439,False,40,42,1.6909523809523812,0.014293844039026303
ER,49,0.5,562,41,41,1.0,True,43,1.048780487804878,False,40,43,1.6983720930232558,0.012051484279281615
ER,49,0.5,582,41,42,1.024390243902439,False,41,1.0,True,41,41,1.7926829268292683,0.02116855926418876
ER,49,0.5,600,42,42,1.0,True,43,1.0238095238095237,False,42,43,1.7327906976744187,0.01614676226886441
ER,49,0.5,581,41,41,1.0,True,41,1.0,True,41,41,1.6951219512195121,0.018860729048743953
ER,49,0.5,614,42,43,1.0238095238095237,False,43,1.0238095238095237,False,42,43,1.607674418604651,0.016465638055931965
ER,49,0.5,592,41,41,1.0,True,43,1.048780487804878,False,42,43,1.7106976744186047,0.015654643646231148
ER,49,0.5,620,41,41,1.0,True,41,1.0,True,41,41,1.7317073170731707,0.016348587427818435
ER,49,0.5,592,41,41,1.0,True,41,1.0,True,41,41,1.7207317073170731,0.020726306168743165
ER,49,0.5,586,41,41,1.0,True,42,1.024390243902439,False,41,42,1.5847619047619048,0.017879492578753424
ER,49,0.7,821,44,44,1.0,True,44,1.0,True,43,44,1.6722727272727271,0.010089987916877298
ER,49,0.7,812,44,44,1.0,True,45,1.0227272727272727,False,43,45,1.6568888888888889,0.007178388191298726
ER,49,0.7,822,44,44,1.0,True,47,1.0681818181818181,False,43,47,1.4204255319148937,0.003427983281620112
ER,49,0.7,820,44,45,1.0227272727272727,False,45,1.0227272727272727,False,44,45,1.5799999999999998,0.005515931144543809
ER,49,0.7,803,44,44,1.0,True,47,1.0681818181818181,False,46,47,1.5061702127659573,0.002879296687952133
ER,49,0.7,839,44,44,1.0,True,45,1.0227272727272727,False,44,45,1.5295555555555556,0.006645926753009121
ER,49,0.7,829,44,45,1.0227272727272727,False,46,1.0454545454545454,False,43,46,1.631521739130435,0.0059465413725353295
ER,49,0.7,835,44,44,1.0,True,44,1.0,True,44,44,1.5468181818181816,0.008861160567871867
ER,49,0.7,838,44,44,1.0,True,45,1.0227272727272727,False,44,45,1.6780000000000002,0.006888194361598722
ER,49,0.7,832,44,44,1.0,True,45,1.0227272727272727,False,44,45,1.512888888888889,0.005629943347118872
ER,54,0.3,416,41,42,1.024390243902439,False,42,1.024390243902439,False,42,42,1.7999999999999998,0.03527575195054503
ER,54,0.3,406,41,42,1.024390243902439,False,42,1.024390243902439,False,42,42,1.630952380952381,0.03376367661379784
ER,54,0.3,422,41,41,1.0,True,41,1.0,True,41,41,1.7682926829268293,0.03358900125420843
ER,54,0.3,433,43,44,1.0232558139534884,False,44,1.0232558139534884,False,43,44,1.6386363636363634,0.023651029749697718
ER,54,0.3,436,43,43,1.0,True,43,1.0,True,43,43,1.7813953488372092,0.028656320561581117
ER,54,0.3,450,42,43,1.0238095238095237,False,43,1.0238095238095237,False,43,43,1.7562790697674417,0.029813407024672434
ER,54,0.3,455,43,44,1.0232558139534884,False,43,1.0,True,43,43,1.7569767441860464,0.02900182152183376
ER,54,0.3,469,43,43,1.0,True,44,1.0232558139534884,False,42,44,1.6254545454545457,0.024559642930569656
ER,54,0.3,415,42,43,1.0238095238095237,False,43,1.0238095238095237,False,42,43,1.686279069767442,0.02723176065045454
ER,54,0.3,440,43,43,1.0,True,43,1.0,True,42,43,1.7560465116279067,0.03575140618976611
ER,54,0.5,709,45,45,1.0,True,47,1.0444444444444445,False,46,47,1.649148936170213,0.016219617095885666
ER,54,0.5,683,46,47,1.0217391304347827,False,47,1.0217391304347827,False,45,47,1.6812765957446811,0.016855792106206764
ER,54,0.5,705,46,46,1.0,True,46,1.0,True,46,46,1.6417391304347826,0.017622786646878302
ER,54,0.5,731,47,47,1.0,True,47,1.0,True,46,47,1.6495744680851063,0.014012929303240869
ER,54,0.5,708,47,47,1.0,True,47,1.0,True,47,47,1.713191489361702,0.017980115689939073
ER,54,0.5,748,46,46,1.0,True,46,1.0,True,46,46,1.751086956521739,0.0199029137874837
ER,54,0.5,733,47,47,1.0,True,47,1.0,True,45,47,1.6387234042553194,0.011828868703036696
ER,54,0.5,752,47,47,1.0,True,47,1.0,True,46,47,1.607659574468085,0.015425433680127196
ER,54,0.5,718,47,47,1.0,True,48,1.0212765957446808,False,48,48,1.7191666666666665,0.015399343215203766
ER,54,0.5,714,46,46,1.0,True,47,1.0217391304347827,False,46,47,1.776808510638298,0.017740021945385587
ER,54,0.7,995,49,50,1.0204081632653061,False,50,1.0204081632653061,False,48,50,1.5344000000000002,0.006108365831441358
ER,54,0.7,985,49,49,1.0,True,49,1.0,True,49,49,1.7044897959183674,0.01202054681561544
ER,54,0.7,997,49,49,1.0,True,49,1.0,True,48,49,1.7185714285714286,0.0069497211486727155
ER,54,0.7,1008,49,49,1.0,True,52,1.0612244897959184,False,50,52,1.52,0.0011493100285524592
ER,54,0.7,978,49,49,1.0,True,49,1.0,True,49,49,1.6693877551020408,0.0095754789237944
ER,54,0.7,1026,49,49,1.0,True,50,1.0204081632653061,False,48,50,1.6814000000000002,0.00525191020800307
ER,54,0.7,1020,49,49,1.0,True,50,1.0204081632653061,False,48,50,1.5844,0.005719199940159918
ER,54,0.7,1014,49,49,1.0,True,49,1.0,True,49,49,1.6775510204081634,0.011326980584599607
ER,54,0.7,1013,49,49,1.0,True,50,1.0204081632653061,False,49,50,1.581,0.005368506255648162
ER,54,0.7,1007,49,49,1.0,True,49,1.0,True,47,49,1.6361224489795918,0.008916549407274845
BA,4,2.0,4,2,2,1.0,True,2,1.0,True,1,2,0.255,0.028614333259752434
BA,4,2.0,4,2,2,1.0,True,2,1.0,True,1,2,0.255,0.028614333259752656
BA,4,2.0,4,2,2,1.0,True,2,1.0,True,1,2,0.255,0.028614333259752656
BA,4,2.0,4,2,2,1.0,True,2,1.0,True,1,2,0.255,0.028614333259752656
BA,4,2.0,4,2,2,1.0,True,2,1.0,True,1,2,0.255,0.028614333259752656
BA,4,2.0,4,2,2,1.0,True,2,1.0,True,1,2,0.255,0.028614333259752656
BA,4,2.0,4,2,2,1.0,True,2,1.0,True,1,2,0.255,0.028614333259752434
BA,4,2.0,4,2,2,1.0,True,2,1.0,True,1,2,0.255,0.028614333259752656
BA,4,2.0,4,2,2,1.0,True,2,1.0,True,1,2,0.255,0.028614333259752656
BA,4,2.0,4,2,2,1.0,True,2,1.0,True,2,2,0.5,0.055588958122317234
BA,9,2.0,14,4,4,1.0,True,4,1.0,True,3,4,0.7525,0.052474854709844226
BA,9,2.0,14,5,5,1.0,True,5,1.0,True,4,5,1.1019999999999999,0.02520075938795454
BA,9,2.0,14,3,3,1.0,True,3,1.0,True,3,3,1.0,0.0790930356668315
BA,9,2.0,14,4,4,1.0,True,4,1.0,True,3,4,0.5075,0.04138250684789002
BA,9,2.0,14,3,3,1.0,True,3,1.0,True,3,3,0.8333333333333334,0.09280075008238826
BA,9,2.0,14,5,5,1.0,True,5,1.0,True,5,5,1.3,0.06969803335893585
BA,9,2.0,14,4,4,1.0,True,4,1.0,True,3,4,0.39,0.04434481651719552
BA,9,2.0,14,3,3,1.0,True,3,1.0,True,3,3,0.5666666666666667,0.07868552354098557
BA,9,2.0,14,4,4,1.0,True,4,1.0,True,4,4,1.125,0.07972032595867826
BA,9,2.0,14,5,5,1.0,True,5,1.0,True,4,5,0.722,0.04375218627027448
BA,9,5.0,20,4,4,1.0,True,4,1.0,True,4,4,1.125,0.09767090424355696
BA,9,5.0,20,4,4,1.0,True,4,1.0,True,4,4,1.125,0.09071549544249177
BA,9,5.0,20,4,4,1.0,True,4,1.0,True,4,4,1.125,0.06301164219030125
BA,9,5.0,20,4,4,1.0,True,4,1.0,True,4,4,1.125,0.08547815406232373
BA,9,5.0,20,4,4,1.0,True,4,1.0,True,4,4,1.125,0.0991900955496236
BA,9,5.0,20,4,4,1.0,True,4,1.0,True,4,4,0.8875,0.06271782426297917
BA,9,5.0,20,4,4,1.0,True,4,1.0,True,4,4,0.8875,0.07322657457391121
BA,9,5.0,20,4,4,1.0,True,4,1.0,True,4,4,1.125,0.09767090424355696
BA,9,5.0,20,4,4,1.0,True,4,1.0,True,4,4,0.875,0.09991835541763139
BA,9,5.0,20,4,4,1.0,True,4,1.0,True,4,4,1.125,0.08939505975618822
BA,14,2.0,24,6,6,1.0,True,6,1.0,True,4,6,0.5066666666666666,0.025623232816518255
BA,14,2.0,24,5,5,1.0,True,5,1.0,True,4,5,0.8219999999999998,0.030510676922815904
BA,14,2.0,24,4,4,1.0,True,4,1.0,True,4,4,1.0,0.07294169177723367
BA,14,2.0,24,5,5,1.0,True,5,1.0,True,5,5,0.9,0.09328769060895648
BA,14,2.0,24,5,5,1.0,True,5,1.0,True,3,5,0.8039999999999999,0.043166095549742045
BA,14,2.0,24,7,7,1.0,True,7,1.0,True,6,7,0.9299999999999999,0.040024684656077794
BA,14,2.0,24,7,7,1.0,True,7,1.0,True,6,7,0.7442857142857143,0.028716294030795928
BA,14,2.0,24,6,6,1.0,True,6,1.0,True,5,6,1.0016666666666667,0.03779649261076754
BA,14,2.0,24,6,6,1.0,True,6,1.0,True,5,6,0.8383333333333333,0.048710323940473345
BA,14,2.0,24,8,8,1.0,True,8,1.0,True,7,8,1.18875,0.039626921095333875
BA,14,5.0,45,9,9,1.0,True,9,1.0,True,9,9,1.28,0.061243915541187986
BA,14,5.0,45,8,8,1.0,True,8,1.0,True,8,8,1.4375,0.03803946392157642
BA,14,5.0,45,9,9,1.0,True,9,1.0,True,6,9,1.1144444444444443,0.04531318277460831
BA,14,5.0,45,8,8,1.0,True,8,1.0,True,7,8,0.93875,0.052790273937082355
BA,14,5.0,45,8,8,1.0,True,8,1.0,True,8,8,1.19,0.05716468092815777
BA,14,5.0,45,8,8,1.0,True,8,1.0,True,7,8,1.26375,0.045964648387453205
BA,14,5.0,45,9,9,1.0,True,9,1.0,True,7,9,1.0022222222222221,0.04018477305823252
BA,14,5.0,45,8,8,1.0,True,8,1.0,True,8,8,1.065,0.05170782341224814
BA,14,5.0,45,9,9,1.0,True,9,1.0,True,8,9,1.1122222222222222,0.04923204256845042
BA,14,5.0,45,9,9,1.0,True,9,1.0,True,9,9,1.3333333333333333,0.054123535780147565
BA,19,2.0,34,9,9,1.0,True,9,1.0,True,7,9,1.0022222222222221,0.03004641173037485
BA,19,2.0,34,9,9,1.0,True,9,1.0,True,7,9,0.8911111111111111,0.03717864947375798
BA,19,2.0,34,8,8,1.0,True,8,1.0,True,6,8,0.815,0.016699720489488604
BA,19,2.0,34,10,10,1.0,True,10,1.0,True,9,10,1.051,0.06406275882057288
BA,19,2.0,34,8,8,1.0,True,8,1.0,True,5,8,0.8787499999999999,0.0251490679326756
BA,19,2.0,34,8,8,1.0,True,8,1.0,True,7,8,0.87625,0.043659072827325535
BA,19,2.0,34,10,10,1.0,True,10,1.0,True,9,10,1.301,0.050149656392683
BA,19,2.0,34,8,8,1.0,True,8,1.0,True,7,8,0.94125,0.026472147111102864
BA,19,2.0,34,6,6,1.0,True,6,1.0,True,6,6,1.0833333333333333,0.06618439739134797
BA,19,2.0,34,10,10,1.0,True,10,1.0,True,8,10,0.9089999999999998,0.02251318716584666
BA,19,5.0,70,12,12,1.0,True,12,1.0,True,10,12,1.1849999999999998,0.03833376890187368
BA,19,5.0,70,12,12,1.0,True,12,1.0,True,11,12,1.2091666666666667,0.05124500481534156
BA,19,5.0,70,12,12,1.0,True,12,1.0,True,11,12,1.4175000000000002,0.05649125346834983
BA,19,5.0,70,12,12,1.0,True,12,1.0,True,11,12,1.4591666666666667,0.05360244029040288
BA,19,5.0,70,12,12,1.0,True,12,1.0,True,11,12,1.3758333333333332,0.0582208014412131
BA,19,5.0,70,12,12,1.0,True,12,1.0,True,11,12,1.5025000000000002,0.0448127523487952
BA,19,5.0,70,12,12,1.0,True,12,1.0,True,11,12,1.2925,0.03012715901847628
BA,19,5.0,70,12,12,1.0,True,12,1.0,True,12,12,1.3916666666666668,0.050474401843452504
BA,19,5.0,70,11,11,1.0,True,11,1.0,True,10,11,1.319090909090909,0.0493073520525287
BA,19,5.0,70,12,12,1.0,True,13,1.0833333333333333,False,12,13,1.236923076923077,0.021518058398225532
BA,24,2.0,44,11,11,1.0,True,11,1.0,True,8,11,0.83,0.01904239025741016
BA,24,2.0,44,11,11,1.0,True,11,1.0,True,10,11,1.0554545454545454,0.04781813647077233
BA,24,2.0,44,11,11,1.0,True,11,1.0,True,8,11,0.7572727272727273,0.014504252145157614
BA,24,2.0,44,12,12,1.0,True,12,1.0,True,12,12,1.0416666666666667,0.044589595322024306
BA,24,2.0,44,11,11,1.0,True,11,1.0,True,10,11,1.4554545454545456,0.032669392935757165
BA,24,2.0,44,10,10,1.0,True,10,1.0,True,9,10,1.011,0.03393802207043526
BA,24,2.0,44,13,13,1.0,True,13,1.0,True,12,13,1.2315384615384617,0.035767603388931965
BA,24,2.0,44,12,12,1.0,True,12,1.0,True,11,12,1.3008333333333333,0.025591815809939123
BA,24,2.0,44,8,8,1.0,True,8,1.0,True,7,8,1.02625,0.014878172980341914
BA,24,2.0,44,11,11,1.0,True,11,1.0,True,10,11,1.0463636363636364,0.031931117957301254
BA,24,5.0,95,16,16,1.0,True,16,1.0,True,13,16,1.283125,0.03654474783939512
BA,24,5.0,95,16,16,1.0,True,16,1.0,True,15,16,1.5631249999999999,0.04362375312022108
BA,24,5.0,95,15,15,1.0,True,15,1.0,True,15,15,1.6333333333333333,0.06125631408712468
BA,24,5.0,95,16,16,1.0,True,16,1.0,True,15,16,1.5318749999999999,0.048671321539530917
BA,24,5.0,95,15,15,1.0,True,15,1.0,True,14,15,1.3353333333333335,0.0416696882327768
BA,24,5.0,95,15,15,1.0,True,15,1.0,True,14,15,1.5006666666666668,0.033913525437894575
BA,24,5.0,95,15,16,1.0666666666666667,False,16,1.0666666666666667,False,15,16,1.3756249999999999,0.04383612495162488
BA,24,5.0,95,16,16,1.0,True,16,1.0,True,15,16,1.5943749999999999,0.04003831838265802
BA,24,5.0,95,16,16,1.0,True,16,1.0,True,15,16,1.4068749999999999,0.044480851836095646
BA,24,5.0,95,16,18,1.125,False,18,1.125,False,16,18,1.4455555555555555,0.037048148685107515
BA,29,2.0,54,13,13,1.0,True,13,1.0,True,12,13,0.9623076923076923,0.04416483172178117
BA,29,2.0,54,13,13,1.0,True,13,1.0,True,13,13,1.2,0.03429394538214981
BA,29,2.0,54,13,13,1.0,True,13,1.0,True,9,13,0.6969230769230769,0.01842996140052182
BA,29,2.0,54,14,15,1.0714285714285714,False,15,1.0714285714285714,False,14,15,1.2340000000000002,0.04851061814622474
BA,29,2.0,54,13,13,1.0,True,13,1.0,True,11,13,1.2323076923076925,0.025934316337043642
BA,29,2.0,54,12,12,1.0,True,12,1.0,True,10,12,1.0058333333333334,0.034586241859684556
BA,29,2.0,54,14,14,1.0,True,14,1.0,True,13,14,1.3578571428571429,0.04852945490840254
BA,29,2.0,54,14,14,1.0,True,14,1.0,True,14,14,1.0528571428571427,0.041156872326733374
BA,29,2.0,54,12,12,1.0,True,12,1.0,True,9,12,0.9191666666666666,0.03413814202571572
BA,29,2.0,54,13,13,1.0,True,13,1.0,True,13,13,1.1923076923076923,0.043565208910915074
BA,29,5.0,120,19,19,1.0,True,19,1.0,True,18,19,1.4742105263157896,0.049638870853258875
BA,29,5.0,120,19,19,1.0,True,19,1.0,True,18,19,1.5005263157894737,0.047075671404746645
BA,29,5.0,120,18,18,1.0,True,18,1.0,True,17,18,1.4172222222222224,0.04447082797145338
BA,29,5.0,120,17,17,1.0,True,17,1.0,True,16,17,1.618235294117647,0.04103078709270345
BA,29,5.0,120,17,17,1.0,True,17,1.0,True,17,17,1.4823529411764707,0.045051120947841
BA,29,5.0,120,18,18,1.0,True,18,1.0,True,16,18,1.3622222222222224,0.03969471329281367
BA,29,5.0,120,19,19,1.0,True,19,1.0,True,18,19,1.5005263157894737,0.039096133579821835
BA,29,5.0,120,18,18,1.0,True,18,1.0,True,18,18,1.5844444444444443,0.03853349059735076
BA,29,5.0,120,18,18,1.0,True,18,1.0,True,17,18,1.3905555555555555,0.05880097029074597
BA,29,5.0,120,19,19,1.0,True,19,1.0,True,17,19,1.3178947368421055,0.03792680836694318
BA,34,2.0,64,14,14,1.0,True,14,1.0,True,14,14,1.1857142857142857,0.04154773370199578
BA,34,2.0,64,17,17,1.0,True,17,1.0,True,15,17,1.3011764705882354,0.025437675941276928
BA,34,2.0,64,16,16,1.0,True,16,1.0,True,11,16,0.8262499999999999,0.019084380697068207
BA,34,2.0,64,18,18,1.0,True,18,1.0,True,16,18,1.0066666666666666,0.03000387282216603
BA,34,2.0,64,14,14,1.0,True,14,1.0,True,13,14,1.150714285714286,0.027695902509380484
BA,34,2.0,64,14,14,1.0,True,14,1.0,True,13,14,1.150714285714286,0.031714243125875764
BA,34,2.0,64,16,16,1.0,True,16,1.0,True,15,16,1.0943749999999999,0.03934897467781775
BA,34,2.0,64,17,17,1.0,True,17,1.0,True,16,17,1.2664705882352942,0.04218379077389873
BA,34,2.0,64,15,16,1.0666666666666667,False,16,1.0666666666666667,False,14,16,1.010625,0.027874333924945496
BA,34,2.0,64,16,16,1.0,True,16,1.0,True,15,16,0.9393750000000001,0.03375517633933237
BA,34,5.0,145,22,22,1.0,True,22,1.0,True,21,22,1.4777272727272726,0.042063734410262045
BA,34,5.0,145,22,22,1.0,True,22,1.0,True,20,22,1.5463636363636362,0.0466317927638026
BA,34,5.0,145,22,22,1.0,True,22,1.0,True,22,22,1.5681818181818181,0.05229501715016935
BA,34,5.0,145,20,20,1.0,True,20,1.0,True,17,20,1.2765000000000002,0.02271586201304353
BA,34,5.0,145,21,21,1.0,True,21,1.0,True,19,21,1.381904761904762,0.03625598516165481
BA,34,5.0,145,21,21,1.0,True,21,1.0,True,19,21,1.5485714285714285,0.03643872124623377
BA,34,5.0,145,20,20,1.0,True,20,1.0,True,20,20,1.725,0.04047079408146499
BA,34,5.0,145,21,21,1.0,True,21,1.0,True,20,21,1.5004761904761905,0.03646174372925979
BA,34,5.0,145,20,21,1.05,False,21,1.05,False,20,21,1.502857142857143,0.04612616292643238
BA,34,5.0,145,22,22,1.0,True,22,1.0,True,21,22,1.464090909090909,0.03963234394451571
BA,39,2.0,74,16,16,1.0,True,16,1.0,True,15,16,1.075625,0.027747625163207425
BA,39,2.0,74,19,19,1.0,True,19,1.0,True,18,19,1.0847368421052632,0.02081568630775362
BA,39,2.0,74,18,18,1.0,True,18,1.0,True,15,18,1.0600000000000003,0.036729630742697944
BA,39,2.0,74,21,21,1.0,True,21,1.0,True,18,21,1.3347619047619048,0.03369839193319384
BA,39,2.0,74,17,17,1.0,True,17,1.0,True,14,17,1.2958823529411765,0.025787202532097046
BA,39,2.0,74,17,17,1.0,True,17,1.0,True,15,17,1.0611764705882352,0.03114861381585067
BA,39,2.0,74,19,19,1.0,True,19,1.0,True,18,19,1.0531578947368423,0.03897588376761869
BA,39,2.0,74,20,20,1.0,True,20,1.0,True,20,20,1.3359999999999999,0.03830521389102408
BA,39,2.0,74,17,17,1.0,True,17,1.0,True,15,17,1.0717647058823532,0.031218420302009074
BA,39,2.0,74,16,16,1.0,True,16,1.0,True,15,16,1.064375,0.03732077013598394
BA,39,5.0,170,24,24,1.0,True,24,1.0,True,23,24,1.4595833333333335,0.0291378978532105
BA,39,5.0,170,23,23,1.0,True,23,1.0,True,23,23,1.6304347826086956,0.0509897385548408
BA,39,5.0,170,25,27,1.08,False,25,1.0,True,24,25,1.6444,0.0415234872023152
BA,39,5.0,170,21,21,1.0,True,21,1.0,True,20,21,1.4538095238095239,0.031232906427724742
BA,39,5.0,170,23,24,1.0434782608695652,False,24,1.0434782608695652,False,20,24,1.21,0.028800912873773996
BA,39,5.0,170,24,24,1.0,True,24,1.0,True,22,24,1.5454166666666669,0.032414238429019825
BA,39,5.0,170,23,23,1.0,True,23,1.0,True,23,23,1.6304347826086956,0.04430012764336825
BA,39,5.0,170,23,23,1.0,True,23,1.0,True,22,23,1.4569565217391303,0.030664611246190233
BA,39,5.0,170,24,25,1.0416666666666667,False,25,1.0416666666666667,False,24,25,1.4804,0.04145001267166793
BA,39,5.0,170,24,24,1.0,True,24,1.0,True,22,24,1.4425,0.031984076780562
BA,44,2.0,84,20,20,1.0,True,20,1.0,True,17,20,1.0825000000000002,0.024559006988000565
BA,44,2.0,84,20,20,1.0,True,20,1.0,True,17,20,1.1165000000000003,0.017110376231772046
BA,44,2.0,84,19,19,1.0,True,19,1.0,True,18,19,1.112105263157895,0.03273400674750074
BA,44,2.0,84,23,23,1.0,True,23,1.0,True,21,23,1.1747826086956523,0.034038617753828694
BA,44,2.0,84,18,18,1.0,True,18,1.0,True,15,18,1.2294444444444446,0.017910090714781217
BA,44,2.0,84,19,19,1.0,True,19,1.0,True,17,19,1.0273684210526315,0.024189547174140708
BA,44,2.0,84,21,21,1.0,True,21,1.0,True,20,21,1.1195238095238096,0.04246045643238566
BA,44,2.0,84,24,24,1.0,True,24,1.0,True,22,24,1.19125,0.03208078553394313
BA,44,2.0,84,20,21,1.05,False,21,1.05,False,20,21,1.4338095238095239,0.028992260331883454
BA,44,2.0,84,17,17,1.0,True,17,1.0,True,15,17,1.148235294117647,0.02535939450660715
BA,44,5.0,195,28,28,1.0,True,28,1.0,True,28,28,1.4471428571428573,0.03311053616945251
BA,44,5.0,195,27,27,1.0,True,27,1.0,True,25,27,1.5748148148148147,0.03828125138644417
BA,44,5.0,195,26,26,1.0,True,26,1.0,True,26,26,1.6384615384615384,0.02995707891879281
BA,44,5.0,195,25,25,1.0,True,25,1.0,True,23,25,1.4607999999999999,0.04365576497329701
BA,44,5.0,195,25,26,1.04,False,26,1.04,False,24,26,1.5592307692307692,0.044989702308045526
BA,44,5.0,195,27,28,1.037037037037037,False,28,1.037037037037037,False,26,28,1.4649999999999999,0.03064215803566669
BA,44,5.0,195,27,28,1.037037037037037,False,28,1.037037037037037,False,28,28,1.5964285714285715,0.046674958012749845
BA,44,5.0,195,25,26,1.04,False,26,1.04,False,23,26,1.5396153846153844,0.02744571496317264
BA,44,5.0,195,27,27,1.0,True,27,1.0,True,26,27,1.5566666666666666,0.043766086399440594
BA,44,5.0,195,26,27,1.0384615384615385,False,27,1.0384615384615385,False,25,27,1.52,0.03408044243397831
BA,49,2.0,94,21,21,1.0,True,21,1.0,True,20,21,1.1933333333333334,0.02948415915102924
BA,49,2.0,94,24,24,1.0,True,24,1.0,True,21,24,1.5220833333333335,0.03282363817455397
BA,49,2.0,94,21,21,1.0,True,21,1.0,True,19,21,1.1114285714285717,0.028630301030439932
BA,49,2.0,94,25,25,1.0,True,25,1.0,True,22,25,1.2412,0.033843532178525766
BA,49,2.0,94,19,19,1.0,True,19,1.0,True,18,19,1.1163157894736842,0.025985985335202185
BA,49,2.0,94,22,22,1.0,True,22,1.0,True,18,22,0.8904545454545457,0.025469608725741087
BA,49,2.0,94,22,22,1.0,True,22,1.0,True,21,22,1.045909090909091,0.0455118852545112
BA,49,2.0,94,24,24,1.0,True,24,1.0,True,21,24,1.2137499999999999,0.02285096647051955
BA,49,2.0,94,22,22,1.0,True,22,1.0,True,20,22,1.2963636363636366,0.03394747587495777
BA,49,2.0,94,21,21,1.0,True,21,1.0,True,17,21,1.0742857142857145,0.016010153352021293
BA,49,5.0,220,31,31,1.0,True,31,1.0,True,30,31,1.6629032258064518,0.034859202034350785
BA,49,5.0,220,30,30,1.0,True,31,1.0333333333333334,False,30,31,1.5332258064516129,0.03141450166611362
BA,49,5.0,220,30,30,1.0,True,30,1.0,True,29,30,1.5526666666666666,0.04668546161255432
BA,49,5.0,220,27,27,1.0,True,27,1.0,True,27,27,1.537777777777778,0.05005541762423055
BA,49,5.0,220,29,30,1.0344827586206897,False,30,1.0344827586206897,False,30,30,1.6506666666666667,0.04074325512379599
BA,49,5.0,220,30,30,1.0,True,30,1.0,True,29,30,1.6003333333333332,0.0425396082535023
BA,49,5.0,220,30,31,1.0333333333333334,False,31,1.0333333333333334,False,29,31,1.5006451612903224,0.036209995948099975
BA,49,5.0,220,30,30,1.0,True,30,1.0,True,29,30,1.5176666666666667,0.032794544732117244
BA,49,5.0,220,29,29,1.0,True,29,1.0,True,28,29,1.6037931034482757,0.0464125321708025
BA,49,5.0,220,29,31,1.0689655172413792,False,31,1.0689655172413792,False,29,31,1.6522580645161289,0.027829416163528613
BA,54,2.0,104,23,23,1.0,True,23,1.0,True,21,23,1.2408695652173913,0.030158485769026636
BA,54,2.0,104,26,26,1.0,True,26,1.0,True,24,26,1.3476923076923077,0.029229655612621086
BA,54,2.0,104,24,24,1.0,True,24,1.0,True,21,24,1.22625,0.020932159623951455
BA,54,2.0,104,25,25,1.0,True,25,1.0,True,24,25,1.2404000000000002,0.031101150450000153
BA,54,2.0,104,20,20,1.0,True,20,1.0,True,18,20,1.0160000000000002,0.024661637057042253
BA,54,2.0,104,25,25,1.0,True,25,1.0,True,21,25,1.0436,0.02333249274626419
BA,54,2.0,104,25,25,1.0,True,25,1.0,True,24,25,1.1804000000000001,0.03824438438776935
BA,54,2.0,104,28,28,1.0,True,28,1.0,True,27,28,1.2682142857142857,0.03503903418185931
BA,54,2.0,104,24,24,1.0,True,24,1.0,True,21,24,1.10625,0.024785491969307755
BA,54,2.0,104,23,23,1.0,True,23,1.0,True,19,23,1.09304347826087,0.01715365326299745
BA,54,5.0,245,35,35,1.0,True,35,1.0,True,34,35,1.6574285714285715,0.03800638156801193
BA,54,5.0,245,33,33,1.0,True,33,1.0,True,32,33,1.6063636363636362,0.03595328533945648
BA,54,5.0,245,32,33,1.03125,False,33,1.03125,False,31,33,1.471818181818182,0.032653094713370696
BA,54,5.0,245,31,31,1.0,True,31,1.0,True,29,31,1.3716129032258064,0.038191230402611215
BA,54,5.0,245,32,32,1.0,True,33,1.03125,False,31,33,1.592121212121212,0.03240958983806618
BA,54,5.0,245,32,32,1.0,True,33,1.03125,False,32,33,1.473030303030303,0.041125859869023625
BA,54,5.0,245,33,33,1.0,True,33,1.0,True,32,33,1.637272727272727,0.04195736816873603
BA,54,5.0,245,32,32,1.0,True,32,1.0,True,29,32,1.5165625,0.0368224841806537
BA,54,5.0,245,32,33,1.03125,False,32,1.0,True,32,32,1.5631249999999999,0.043941725460423214
BA,54,5.0,245,32,32,1.0,True,32,1.0,True,31,32,1.5628125,0.04248830447773275
REG,4,,4,2,2,1.0,True,2,1.0,True,1,2,0.255,0.05558895812231712
REG,9,,9,5,5,1.0,True,5,1.0,True,1,5,0.10800000000000001,3.552713678800501e-16
REG,9,,18,6,6,1.0,True,6,1.0,True,5,6,0.9216666666666665,0.03750155466375826
REG,14,,14,7,7,1.0,True,7,1.0,True,6,7,0.3,0.015882559463519415
REG,14,,21,8,8,1.0,True,8,1.0,True,8,8,1.15625,0.036663582075922685
REG,14,,49,10,10,1.0,True,10,1.0,True,10,10,1.27,0.03741509548198314
REG,19,,19,10,10,1.0,True,10,1.0,True,2,10,0.02,3.774758283725532e-16
REG,19,,38,12,12,1.0,True,12,1.0,True,11,12,1.2925,0.04917855764664714
REG,24,,24,12,12,1.0,True,12,1.0,True,11,12,0.22499999999999998,0.0092648263537199
REG,24,,72,16,17,1.0625,False,17,1.0625,False,16,17,1.441764705882353,0.04601313021740518
REG,24,,144,19,19,1.0,True,20,1.0526315789473684,False,19,20,1.5015,0.0222461916774361
REG,29,,29,15,15,1.0,True,15,1.0,True,10,15,0.06466666666666666,4.144832625267251e-16
REG,29,,203,23,24,1.0434782608695652,False,24,1.0434782608695652,False,23,24,1.4604166666666665,0.017103111187687536
REG,34,,34,17,17,1.0,True,17,1.0,True,17,17,0.09705882352941177,0.0065398774261554386
REG,34,,136,24,25,1.0416666666666667,False,25,1.0416666666666667,False,24,25,1.4623999999999997,0.03741846213755983
REG,34,,289,29,29,1.0,True,30,1.0344827586206897,False,28,30,1.5406666666666666,0.011537741264225099
REG,39,,39,20,20,1.0,True,20,1.0,True,15,20,0.09300000000000001,3.774758283725532e-16
REG,44,,44,22,22,1.0,True,22,1.0,True,16,22,0.25909090909090904,0.0050535416474838035
REG,44,,242,33,34,1.0303030303030303,False,34,1.0303030303030303,False,32,34,1.4423529411764706,0.024351722710513248
REG,44,,484,38,39,1.0263157894736843,False,38,1.0,True,38,38,1.6065789473684209,0.01683306956764044
REG,49,,49,25,25,1.0,True,25,1.0,True,23,25,0.1616,5.639932965095795e-16
REG,49,,294,38,38,1.0,True,38,1.0,True,38,38,1.75,0.029587932865361755
REG,49,,588,42,42,1.0,True,42,1.0,True,42,42,1.7023809523809523,0.0163366002157007
REG,54,,54,27,27,1.0,True,27,1.0,True,21,27,0.15666666666666668,0.004117700601653589
REG,54,,351,42,43,1.0238095238095237,False,43,1.0238095238095237,False,40,43,1.582093023255814,0.024979658369340477
REG,54,,729,47,48,1.0212765957446808,False,48,1.0212765957446808,False,48,48,1.8020833333333333,0.017312103580996396
